user_input,retrieved_contexts,response,reference,faithfulness,answer_relevancy,context_recall,llm_context_precision_with_reference
Quem pode chamar um plebiscito ou referendo no Brasil?,"['sobre a execução\ndos planos de governo;\nX - fiscalizar e controlar, diretamente, ou por qualquer de suas Casas, os atos do Poder Executivo, incluídos os da\nadministração indireta;\nXI - zelar pela preservação de sua competência legislativa em face da atribuição normativa dos outros Poderes;\nXII - apreciar os atos de concessão e renovação de concessão de emissoras de rádio e televisão;\nXIII - escolher dois terços dos membros do Tribunal de Contas da União;\nXIV - aprovar iniciativas do Poder Executivo referentes a atividades nucleares;\nXV - autorizar referendo e convocar plebiscito;\nXVI - autorizar, em terras indígenas, a exploração e o aproveitamento de recursos hídricos e a pesquisa e lavra de\nriquezas minerais;\nXVII - aprovar, previamente, a alienação ou concessão de terras públicas com área superior a dois mil e\nquinhentos hectares.\nXVIII - decretar o estado de calamidade pública de âmbito nacional previsto nos arts. 167-B, 167-C, 167-D, 167-E,\n167-F e 167-G desta Constituição.\xa0\xa0\xa0\xa0\xa0 (Incluído pela Emenda Constitucional nº 109, de 2021)\nArt. 50. A Câmara dos Deputados e o Senado Federal, ou qualquer de suas Comissões, poderão convocar Ministro\nde Estado, quaisquer titulares de órgãos diretamente subordinados à Presidência da República ou o Presidente do\nComitê Gestor do Imposto sobre Bens e Serviços para prestarem, pessoalmente, informações sobre assunto\npreviamente determinado, importando ', 'de 2023)\na) revogada;\xa0\xa0\xa0\xa0\xa0\xa0\xa0 (Redação dada pela Emenda Constitucional nº 131, de 2023)\nb) revogada.\xa0\xa0\xa0\xa0\xa0 (Redação dada pela Emenda Constitucional nº 131, de 2023)\n§ 5º A renúncia da nacionalidade, nos termos do inciso II do § 4º deste artigo, não impede o interessado de\nreadquirir sua nacionalidade brasileira originária, nos termos da lei.\xa0\xa0\xa0\xa0 (Incluído pela Emenda Constitucional nº 131, de\n2023)\n\uf24e Art. 13. A língua portuguesa é o idioma oficial da República Federativa do Brasil.\n§ 1º São símbolos da República Federativa do Brasil a bandeira, o hino, as armas e o selo nacionais.\n§ 2º Os Estados, o Distrito Federal e os Municípios poderão ter símbolos próprios.\nCAPÍTULO IV\nDOS DIREITOS POLÍTICOS\n\uf24e Art. 14. A soberania popular será exercida pelo sufrágio universal e pelo voto direto e secreto, com valor igual\npara todos, e, nos termos da lei, mediante:\nI - plebiscito;\nII - referendo;\nIII - iniciativa popular.\n§ 1º O alistamento eleitoral e o voto são:\nI - obrigatórios para os maiores de dezoito anos;\nII - facultativos para:\na) os analfabetos;\nb) os maiores de setenta anos;\nc) os maiores de dezesseis e menores de dezoito anos.\n§ 2º Não podem alistar-se como eleitores os estrangeiros e, durante o período do serviço militar obrigatório, os\nconscritos.\n§ 3º São condições de elegibilidade, na forma da lei:\nI - ', 'e a ação declaratória de\nconstitucionalidade:\xa0\xa0\xa0\xa0\xa0\xa0\xa0\xa0\xa0\xa0\xa0\xa0\xa0\xa0 (Redação dada pela Emenda Constitucional nº 45, de 2004)\xa0\xa0\xa0\xa0 \xa0(Vide Lei nº 13.105, de\n2015) (Vigência)\n\xa0I - o Presidente da República;\nII - a Mesa do Senado Federal;\nIII - a Mesa da Câmara dos Deputados;\nIV - a Mesa de Assembléia Legislativa ou da Câmara Legislativa do Distrito Federal;\xa0\xa0\xa0\xa0\xa0\xa0\xa0\xa0\xa0\xa0\xa0\xa0\xa0\xa0\xa0\xa0 (Redação dada pela\nEmenda Constitucional nº 45, de 2004)\xa0\xa0\xa0\xa0\nV - o Governador de Estado ou do Distrito Federal;\xa0\xa0\xa0\xa0\xa0\xa0\xa0\xa0\xa0\xa0\xa0\xa0 (Redação dada pela Emenda Constitucional nº 45, de\n2004)\nVI - o Procurador-Geral da República;\nVII - o Conselho Federal da Ordem dos Advogados do Brasil;\nVIII - partido político com representação no Congresso Nacional;\nIX - confederação sindical ou entidade de classe de âmbito nacional.\n§ 1º O Procurador-Geral da República deverá ser previamente ouvido nas ações de inconstitucionalidade e em\ntodos os processos de competência do Supremo Tribunal Federal.\n§ 2º Declarada a inconstitucionalidade por omissão de medida para tornar efetiva norma constitucional, será dada\nciência ao Poder competente para a adoção das providências necessárias e, em se tratando de órgão administrativo,\npara fazê-lo em trinta dias.\n§ 3º Quando o Supremo Tribunal Federal apreciar a inconstitucionalidade, em tese, de norma legal ou ato\nnormativo, citará, previamente, o Advogado-Geral da União, que defenderá o ato ou texto impugnado.\n§ 4.º\xa0\xa0\xa0\xa0\xa0\xa0\xa0\xa0\xa0\xa0\xa0\xa0\xa0\xa0 (Revogado pela Emenda ', 'os diretores do banco\ncentral e outros servidores, quando determinado em lei;\nXV - nomear, observado o disposto no art. 73, os Ministros do Tribunal de Contas da União;\nXVI - nomear os magistrados, nos casos previstos nesta Constituição, e o Advogado-Geral da União;\nXVII - nomear membros do Conselho da República, nos termos do art. 89, VII;\nXVIII - convocar e presidir o Conselho da República e o Conselho de Defesa Nacional;\nXIX - declarar guerra, no caso de agressão estrangeira, autorizado pelo Congresso Nacional ou referendado por\nele, quando ocorrida no intervalo das sessões legislativas, e, nas mesmas condições, decretar, total ou parcialmente, a\nmobilização nacional;\nXX - celebrar a paz, autorizado ou com o referendo do Congresso Nacional;\nXXI - conferir condecorações e distinções honoríficas;\nXXII - permitir, nos casos previstos em lei complementar, que forças estrangeiras transitem pelo território nacional\nou nele permaneçam temporariamente;\nXXIII - enviar ao Congresso Nacional o plano plurianual, o projeto de lei de diretrizes orçamentárias e as propostas\nde orçamento previstos nesta Constituição;\nXXIV - prestar, anualmente, ao Congresso Nacional, dentro de sessenta dias após a abertura da sessão\nlegislativa, as contas referentes ao exercício anterior;\nXXV - prover e extinguir os cargos públicos federais, na forma da lei;\nXXVI - editar medidas provisórias com força de lei, nos ', '- Virgílio Távora.\nEste texto não substitui o publicado no DOU de 5.10.1988\nATO DAS DISPOSIÇÕES CONSTITUCIONAIS TRANSITÓRIAS\nArt. 1º. O Presidente da República, o Presidente do Supremo Tribunal Federal e os membros do Congresso\nNacional prestarão o compromisso de manter, defender e cumprir a Constituição, no ato e na data de sua promulgação.\nArt. 2º. No dia 7 de setembro de 1993 o eleitorado definirá, através de plebiscito, a forma (república ou monarquia\nconstitucional) e o sistema de governo (parlamentarismo ou presidencialismo) que devem vigorar no País.\xa0\xa0\xa0\xa0\xa0\xa0\xa0\xa0\xa0\xa0\xa0\xa0\xa0\xa0 (Vide\nemenda Constitucional nº 2, de 1992)\n§ 1º - Será assegurada gratuidade na livre divulgação dessas formas e sistemas, através dos meios de\ncomunicação de massa cessionários de serviço público.\n§ 2º - O Tribunal Superior Eleitoral, promulgada a Constituição, expedirá as normas regulamentadoras deste artigo.\nArt. 3º. A revisão constitucional será realizada após cinco anos, contados da promulgação da Constituição, pelo\nvoto da maioria absoluta dos membros do Congresso Nacional, em sessão unicameral.\nArt. 4º. O mandato do atual Presidente da República terminará em 15 de março de 1990.\n§ 1º A primeira eleição para Presidente da República após a promulgação da Constituição será realizada no dia 15\nde novembro de 1989, não se lhe aplicando o disposto no art. 16 da Constituição.\n§ 2º É ']","De acordo com o trecho XV do artigo, o Congresso Nacional pode autorizar referendo e convocar plebiscito. Além disso, o Presidente da República também pode solicitar a realização de um plebiscito ou referendo, conforme estabelecido no artigo 2º das Disposições Constitucionais Transitórias.","O povo exerce a soberania popular pelo sufrágio universal e voto direto e secreto, inclusive por meio de plebiscito, referendo e iniciativa popular (Art. 14).",0.5714285714285714,0.892161831333197,1.0,0.49999999995
Quais entes formam a organização político-administrativa do país?,"['I\nDA ORGANIZAÇÃO POLÍTICO-ADMINISTRATIVA\n\uf24e Art. 18. A organização político-administrativa da República Federativa do Brasil compreende a União, os\nEstados, o Distrito Federal e os Municípios, todos autônomos, nos termos desta Constituição.\n§ 1º Brasília é a Capital Federal.\n§ 2º Os Territórios Federais integram a União, e sua criação, transformação em Estado ou reintegração ao Estado\nde origem serão reguladas em lei complementar.\n§ 3º Os Estados podem incorporar-se entre si, subdividir-se ou desmembrar-se para se anexarem a outros, ou\nformarem novos Estados ou Territórios Federais, mediante aprovação da população diretamente interessada, através de\nplebiscito, e do Congresso Nacional, por lei complementar.\n§ 4º A criação, a incorporação, a fusão e o desmembramento de Municípios, far-se-ão por lei estadual, dentro do\nperíodo determinado por Lei Complementar Federal, e dependerão de consulta prévia, mediante plebiscito, às\npopulações dos Municípios envolvidos, após divulgação dos Estudos de Viabilidade Municipal, apresentados e\npublicados na forma da lei.\xa0\xa0\xa0\xa0\xa0\xa0\xa0\xa0\xa0\xa0\xa0\xa0\xa0\xa0 (Redação dada pela Emenda Constitucional nº 15, de 1996)\xa0\xa0\xa0\xa0 Vide art. 96 - ADCT \xa0\xa0\xa0\n(Vide Lei Complementar nº 230, de 2026)\n\uf24e Art. 19. É vedado à União, aos Estados, ao Distrito Federal e aos Municípios:\nI - estabelecer cultos religiosos ou igrejas, subvencioná-los, embaraçar-lhes o funcionamento ou manter com eles\nou seus representantes relações de dependência ou aliança, ressalvada, na forma ', 'das restrições aplicadas.\nCAPÍTULO II\nDAS FORÇAS ARMADAS\n\uf24e Art. 142. As Forças Armadas, constituídas pela Marinha, pelo Exército e pela Aeronáutica, são instituições\nnacionais permanentes e regulares, organizadas com base na hierarquia e na disciplina, sob a autoridade suprema do\nPresidente da República, e destinam-se à defesa da Pátria, à garantia dos poderes constitucionais e, por iniciativa de\nqualquer destes, da lei e da ordem.\n§ 1º Lei complementar estabelecerá as normas gerais a serem adotadas na organização, no preparo e no\nemprego das Forças Armadas.\n§ 2º Não caberá habeas corpus em relação a punições disciplinares militares.\n§ 3º Os membros das Forças Armadas são denominados militares, aplicando-se-lhes, além das que vierem a ser\nfixadas em lei, as seguintes disposições:\xa0\xa0\xa0\xa0\xa0\xa0\xa0\xa0 (Incluído pela Emenda Constitucional nº 18, de 1998)\nI - as patentes, com prerrogativas, direitos e deveres a elas inerentes, são conferidas pelo Presidente da República\ne asseguradas em plenitude aos oficiais da ativa, da reserva ou reformados, sendo-lhes privativos os títulos e postos\nmilitares e, juntamente com os demais membros, o uso dos uniformes das Forças Armadas;\xa0\xa0\xa0\xa0\xa0\xa0\xa0\xa0 (Incluído pela Emenda\nConstitucional nº 18, de 1998)\nII - o militar em atividade que tomar posse em cargo ou emprego público civil permanente, ressalvada a hipótese\nprevista no art. 37, inciso XVI, alínea ""c"", será transferido ', 'o pluripartidarismo, os direitos fundamentais da pessoa humana e observados os\nseguintes preceitos:\xa0\xa0\xa0\xa0\xa0\xa0\xa0\xa0\xa0\xa0\xa0\xa0\xa0\xa0 Regulamento\nI - caráter nacional;\nII - proibição de recebimento de recursos financeiros de entidade ou governo estrangeiros ou de subordinação a\nestes;\nIII - prestação de contas à Justiça Eleitoral;\nIV - funcionamento parlamentar de acordo com a lei.\n§ 1º É assegurada aos partidos políticos autonomia para definir sua estrutura interna e estabelecer regras sobre\nescolha, formação e duração de seus órgãos permanentes e provisórios e sobre sua organização e funcionamento e\npara adotar os critérios de escolha e o regime de suas coligações nas eleições majoritárias, vedada a sua celebração nas\neleições proporcionais, sem obrigatoriedade de vinculação entre as candidaturas em âmbito nacional, estadual, distrital\nou municipal, devendo seus estatutos estabelecer normas de disciplina e fidelidade partidária.\xa0\xa0\xa0\xa0\xa0\xa0\xa0\xa0\xa0\xa0 \xa0\xa0\xa0\xa0 (Redação dada\npela Emenda Constitucional nº 97, de 2017)\n§ 2º Os partidos políticos, após adquirirem personalidade jurídica, na forma da lei civil, registrarão seus estatutos\nno Tribunal Superior Eleitoral.\n§ 3º Somente terão direito a recursos do fundo partidário e acesso gratuito ao rádio e à televisão, na forma da lei,\nos partidos políticos que alternativamente:\xa0\xa0\xa0\xa0\xa0\xa0\xa0 (Redação dada pela Emenda Constitucional nº 97, de 2017)\nI - obtiverem, nas eleições para a Câmara dos Deputados, no mínimo, 3% (três por cento) dos ', 'o poder emana do povo, que o exerce por meio de representantes eleitos ou diretamente,\nnos termos desta Constituição.\n\uf24e Art. 2º São Poderes da União, independentes e harmônicos entre si, o Legislativo, o Executivo e o Judiciário.\n\uf24e Art. 3º Constituem objetivos fundamentais da República Federativa do Brasil:\nI - construir uma sociedade livre, justa e solidária;\nII - garantir o desenvolvimento nacional;\nIII - erradicar a pobreza e a marginalização e reduzir as desigualdades sociais e regionais;\nIV - promover o bem de todos, sem preconceitos de origem, raça, sexo, cor, idade e quaisquer outras formas de\ndiscriminação.\n\uf24e Art. 4º A República Federativa do Brasil rege-se nas suas relações internacionais pelos seguintes princípios:\nI - independência nacional;\nII - prevalência dos direitos humanos;\nIII - autodeterminação dos povos;\nIV - não-intervenção;\nV - igualdade entre os Estados;\nVI - defesa da paz;\nVII - solução pacífica dos conflitos;\nVIII - repúdio ao terrorismo e ao racismo;\nIX - cooperação entre os povos para o progresso da humanidade;\nX - concessão de asilo político.\nParágrafo único. A República Federativa do Brasil buscará a integração econômica, política, social e cultural dos\npovos da América Latina, visando à formação de uma comunidade latino-americana de nações.\nTÍTULO II\nDOS DIREITOS E GARANTIAS FUNDAMENTAIS\nCAPÍTULO I\nDOS DIREITOS E DEVERES INDIVIDUAIS E COLETIVOS\n\uf24e Art. 5º Todos são ', 'à segurança do território nacional e\nopinar sobre seu efetivo uso, especialmente na faixa de fronteira e nas relacionadas com a preservação e a exploração\ndos recursos naturais de qualquer tipo;\nIV - estudar, propor e acompanhar o desenvolvimento de iniciativas necessárias a garantir a independência\nnacional e a defesa do Estado democrático.\n§ 2º A lei regulará a organização e o funcionamento do Conselho de Defesa Nacional.\xa0\xa0\xa0 (Vide Lei nº 8.183, de\n1991)\nCAPÍTULO III\nDO PODER JUDICIÁRIO\nSEÇÃO I\nDISPOSIÇÕES GERAIS\n\uf24e Art. 92. São órgãos do Poder Judiciário:\nI - o Supremo Tribunal Federal;\nI-A o Conselho Nacional de Justiça;\xa0\xa0\xa0\xa0\xa0\xa0\xa0\xa0\xa0\xa0\xa0\xa0 (Incluído pela Emenda Constitucional nº 45, de 2004)\xa0\xa0\xa0\xa0\nII - o Superior Tribunal de Justiça;\nII-A - o Tribunal Superior do Trabalho;\xa0\xa0\xa0\xa0\xa0\xa0\xa0\xa0\xa0\xa0\xa0\xa0\xa0\xa0\xa0\xa0 (Incluído pela Emenda Constitucional nº 92, de 2016)\nIII - os Tribunais Regionais Federais e Juízes Federais;\nIV - os Tribunais e Juízes do Trabalho;\nV - os Tribunais e Juízes Eleitorais;\nVI - os Tribunais e Juízes Militares;\nVII - os Tribunais e Juízes dos Estados e do Distrito Federal e Territórios.\n§ 1º O Supremo Tribunal Federal, o Conselho Nacional de Justiça e os Tribunais Superiores têm sede na Capital\nFederal.\xa0\xa0\xa0\xa0\xa0\xa0\xa0\xa0\xa0\xa0\xa0\xa0 (Incluído pela Emenda Constitucional nº 45, de 2004)\xa0\xa0\xa0\xa0\xa0\xa0 (Vide ADIN 3392)\n§ 2º O Supremo Tribunal Federal e os Tribunais Superiores têm jurisdição em todo ']","A organização político-administrativa da República Federativa do Brasil compreende a União, os Estados, o Distrito Federal e os Municípios, todos autônomos, nos termos da Constituição.","A União, os Estados, o Distrito Federal e os Municípios, todos autônomos (Art. 18).",1.0,0.7798460422773562,1.0,0.9999999999
Quais princípios a administração pública precisa seguir?,"['se essa medida bastar ao\nrestabelecimento da normalidade.\n§ 4º Cessados os motivos da intervenção, as autoridades afastadas de seus cargos a estes voltarão, salvo\nimpedimento legal.\nCAPÍTULO VII\nDA ADMINISTRAÇÃO PÚBLICA\nSEÇÃO I\nDISPOSIÇÕES GERAIS\n\uf24e Art. 37. A administração pública direta e indireta de qualquer dos Poderes da União, dos Estados, do Distrito\nFederal e dos Municípios obedecerá aos princípios de legalidade, impessoalidade, moralidade, publicidade e eficiência e,\ntambém, ao seguinte:\xa0\xa0\xa0\xa0\xa0\xa0\xa0\xa0\xa0\xa0\xa0\xa0\xa0\xa0 (Redação dada pela Emenda Constitucional nº 19, de 1998)\nI - os cargos, empregos e funções públicas são acessíveis aos brasileiros que preencham os requisitos\nestabelecidos em lei, assim como aos estrangeiros, na forma da lei;\xa0\xa0\xa0\xa0\xa0\xa0\xa0\xa0\xa0\xa0\xa0\xa0\xa0 (Redação dada pela Emenda Constitucional\nnº 19, de 1998)\nII - a investidura em cargo ou emprego público depende de aprovação prévia em concurso público de provas ou de\nprovas e títulos, de acordo com a natureza e a complexidade do cargo ou emprego, na forma prevista em lei, ressalvadas\nas nomeações para cargo em comissão declarado em lei de livre nomeação e exoneração;\xa0\xa0\xa0\xa0\xa0\xa0\xa0\xa0\xa0\xa0\xa0\xa0\xa0\xa0\xa0 (Redação dada pela\nEmenda Constitucional nº 19, de 1998)\nIII - o prazo de validade do concurso público será de até dois anos, prorrogável uma vez, por igual período;\nIV - durante o prazo improrrogável previsto no edital de convocação, aquele aprovado em concurso público de\nprovas ', 'o poder emana do povo, que o exerce por meio de representantes eleitos ou diretamente,\nnos termos desta Constituição.\n\uf24e Art. 2º São Poderes da União, independentes e harmônicos entre si, o Legislativo, o Executivo e o Judiciário.\n\uf24e Art. 3º Constituem objetivos fundamentais da República Federativa do Brasil:\nI - construir uma sociedade livre, justa e solidária;\nII - garantir o desenvolvimento nacional;\nIII - erradicar a pobreza e a marginalização e reduzir as desigualdades sociais e regionais;\nIV - promover o bem de todos, sem preconceitos de origem, raça, sexo, cor, idade e quaisquer outras formas de\ndiscriminação.\n\uf24e Art. 4º A República Federativa do Brasil rege-se nas suas relações internacionais pelos seguintes princípios:\nI - independência nacional;\nII - prevalência dos direitos humanos;\nIII - autodeterminação dos povos;\nIV - não-intervenção;\nV - igualdade entre os Estados;\nVI - defesa da paz;\nVII - solução pacífica dos conflitos;\nVIII - repúdio ao terrorismo e ao racismo;\nIX - cooperação entre os povos para o progresso da humanidade;\nX - concessão de asilo político.\nParágrafo único. A República Federativa do Brasil buscará a integração econômica, política, social e cultural dos\npovos da América Latina, visando à formação de uma comunidade latino-americana de nações.\nTÍTULO II\nDOS DIREITOS E GARANTIAS FUNDAMENTAIS\nCAPÍTULO I\nDOS DIREITOS E DEVERES INDIVIDUAIS E COLETIVOS\n\uf24e Art. 5º Todos são ', '- qualquer outra despesa corrente não vinculada diretamente aos investimentos ou ações apoiados.\xa0 \xa0 \xa0 \xa0 \xa0 \xa0 \xa0 \xa0\n(Incluído pela Emenda Constitucional nº 42, de 19.12.2003)\nCAPÍTULO III\nDA EDUCAÇÃO, DA CULTURA E DO DESPORTO\nSEÇÃO I\nDA EDUCAÇÃO\n\uf24e Art. 205. A educação, direito de todos e dever do Estado e da família, será promovida e incentivada com a\ncolaboração da sociedade, visando ao pleno desenvolvimento da pessoa, seu preparo para o exercício da cidadania e\nsua qualificação para o trabalho.\n\uf24e Art. 206. O ensino será ministrado com base nos seguintes princípios:\nI - igualdade de condições para o acesso e permanência na escola;\nII - liberdade de aprender, ensinar, pesquisar e divulgar o pensamento, a arte e o saber;\nIII - pluralismo de idéias e de concepções pedagógicas, e coexistência de instituições públicas e privadas de\nensino;\nIV - gratuidade do ensino público em estabelecimentos oficiais;\nV - valorização dos profissionais da educação escolar, garantidos, na forma da lei, planos de carreira, com\ningresso exclusivamente por concurso público de provas e títulos, aos das redes públicas;\xa0\xa0\xa0\xa0\xa0\xa0\xa0\xa0 (Redação dada pela\nEmenda Constitucional nº 53, de 2006)\xa0\xa0\xa0 (Vide Lei nº 14.817, de 2024)\nVI - gestão democrática do ensino público, na forma da lei;\nVII - garantia de padrão de qualidade.\nVIII - piso salarial profissional nacional ', 'funcionamento do Estado, exercidas por servidores de carreiras específicas, terão recursos prioritários\npara a realização de suas atividades e atuarão de forma integrada, inclusive com o compartilhamento de cadastros e de\ninformações fiscais, na forma da lei ou convênio.\xa0\xa0\xa0\xa0\xa0\xa0\xa0\xa0\xa0\xa0\xa0\xa0\xa0 (Incluído pela Emenda Constitucional nº 42, de 19.12.2003)\n§ 1º A publicidade dos atos, programas, obras, serviços e campanhas dos órgãos públicos deverá ter caráter\neducativo, informativo ou de orientação social, dela não podendo constar nomes, símbolos ou imagens que caracterizem\npromoção pessoal de autoridades ou servidores públicos.\n§ 2º A não observância do disposto nos incisos II e III implicará a nulidade do ato e a punição da autoridade\nresponsável, nos termos da lei.\n§ 3º A lei disciplinará as formas de participação do usuário na administração pública direta e indireta, regulando\nespecialmente:\xa0\xa0\xa0\xa0\xa0\xa0\xa0\xa0\xa0\xa0\xa0\xa0\xa0\xa0 (Redação dada pela Emenda Constitucional nº 19, de 1998)\nI - as reclamações relativas à prestação dos serviços públicos em geral, asseguradas a manutenção de serviços\nde atendimento ao usuário e a avaliação periódica, externa e interna, da qualidade dos serviços;\xa0\xa0\xa0\xa0\xa0\xa0\xa0\xa0\xa0\xa0\xa0\xa0\xa0\xa0\xa0 (Incluído pela\nEmenda Constitucional nº 19, de 1998)\nII - o acesso dos usuários a registros administrativos e a informações sobre atos de governo, observado o disposto\nno art. 5º, X e XXXIII;\xa0\xa0\xa0\xa0\xa0\xa0\xa0\xa0\xa0\xa0\xa0 \xa0 (Incluído pela Emenda Constitucional nº 19, ', 'fundações, empresas\npúblicas, sociedades de economia mista, suas subsidiárias, e sociedades controladas, direta ou indiretamente, pelo\npoder público;\xa0\xa0\xa0\xa0\xa0\xa0\xa0\xa0\xa0\xa0\xa0\xa0\xa0 \xa0 (Redação dada pela Emenda Constitucional nº 19, de 1998)\nXVIII - a administração fazendária e seus servidores fiscais terão, dentro de suas áreas de competência e\njurisdição, precedência sobre os demais setores administrativos, na forma da lei;\nXIX – somente por lei específica poderá ser criada autarquia e autorizada a instituição de empresa pública, de\nsociedade de economia mista e de fundação, cabendo à lei complementar, neste último caso, definir as áreas de sua\natuação;\xa0\xa0\xa0\xa0\xa0\xa0\xa0\xa0\xa0\xa0\xa0\xa0 (Redação dada pela Emenda Constitucional nº 19, de 1998)\nXX - depende de autorização legislativa, em cada caso, a criação de subsidiárias das entidades mencionadas no\ninciso anterior, assim como a participação de qualquer delas em empresa privada;\nXXI - ressalvados os casos especificados na legislação, as obras, serviços, compras e alienações serão\ncontratados mediante processo de licitação pública que assegure igualdade de condições a todos os concorrentes, com\ncláusulas que estabeleçam obrigações de pagamento, mantidas as condições efetivas da proposta, nos termos da lei, o\nqual somente permitirá as exigências de qualificação técnica e econômica indispensáveis à garantia do cumprimento das\nobrigações.\xa0\xa0\xa0\xa0\xa0\xa0\xa0\xa0\xa0\xa0\xa0\xa0\xa0 (Regulamento)\nXXII - as administrações tributárias da União, dos Estados, do Distrito Federal e dos Municípios, atividades\nessenciais ao ']","A administração pública direta e indireta de qualquer dos Poderes da União, dos Estados, do Distrito Federal e dos Municípios obedecerá aos princípios de:

1. Legalidade
2. Impessoalidade
3. Moralidade
4. Publicidade
5. Eficiência.","Legalidade, impessoalidade, moralidade, publicidade e eficiência (Art. 37).",,0.876485173443969,1.0,0.7499999999625
O que é o Ministério Público e quais ramos ele tem?,"['limites estabelecidos na lei de diretrizes orçamentárias, exceto se previamente\nautorizadas, mediante a abertura de créditos suplementares ou especiais.\xa0\xa0\xa0\xa0\xa0\xa0\xa0\xa0 (Incluído pela Emenda Constitucional nº\n45, de 2004)\n\uf24e Art. 128. O Ministério Público abrange:\nI - o Ministério Público da União, que compreende:\na) o Ministério Público Federal;\nb) o Ministério Público do Trabalho;\nc) o Ministério Público Militar;\nd) o Ministério Público do Distrito Federal e Territórios;\nII - os Ministérios Públicos dos Estados.\n§ 1º O Ministério Público da União tem por chefe o Procurador-Geral da República, nomeado pelo Presidente da\nRepública dentre integrantes da carreira, maiores de trinta e cinco anos, após a aprovação de seu nome pela maioria\nabsoluta dos membros do Senado Federal, para mandato de dois anos, permitida a recondução.\n§ 2º A destituição do Procurador-Geral da República, por iniciativa do Presidente da República, deverá ser\nprecedida de autorização da maioria absoluta do Senado Federal.\n§ 3º Os Ministérios Públicos dos Estados e o do Distrito Federal e Territórios formarão lista tríplice dentre\nintegrantes da carreira, na forma da lei respectiva, para escolha de seu Procurador-Geral, que será nomeado pelo Chefe\ndo Poder Executivo, para mandato de dois anos, permitida uma recondução.\n§ 4º Os Procuradores-Gerais nos Estados e no Distrito Federal e Territórios poderão ser destituídos por\ndeliberação da maioria absoluta do ', 'Público o controle da atuação administrativa e financeira do\nMinistério Público e do cumprimento dos deveres funcionais de seus membros, cabendo lhe:\xa0\xa0\xa0 (Incluído pela Emenda\nConstitucional nº 45, de 2004)\nI zelar pela autonomia funcional e administrativa do Ministério Público, podendo expedir atos regulamentares, no\nâmbito de sua competência, ou recomendar providências;\xa0\xa0 (Incluído pela Emenda Constitucional nº 45, de 2004)\nII zelar pela observância do art. 37 e apreciar, de ofício ou mediante provocação, a legalidade dos atos\nadministrativos praticados por membros ou órgãos do Ministério Público da União e dos Estados, podendo desconstituí-\nlos, revê-los ou fixar prazo para que se adotem as providências necessárias ao exato cumprimento da lei, sem prejuízo\nda competência dos Tribunais de Contas;\xa0\xa0 (Incluído pela Emenda Constitucional nº 45, de 2004)\nIII - receber e conhecer das reclamações contra membros ou órgãos do Ministério Público da União ou dos\nEstados, inclusive contra seus serviços auxiliares, sem prejuízo da competência disciplinar e correicional da\ninstituição, podendo avocar processos disciplinares em curso, determinar a remoção ou a disponibilidade e aplicar\noutras sanções administrativas, assegurada ampla defesa;\xa0 \xa0\xa0\xa0\xa0\xa0\xa0\xa0\xa0 \xa0 (Redação dada pela Emenda Constitucional nº 103,\nde 2019)\nIV rever, de ofício ou mediante provocação, os processos disciplinares de membros do Ministério Público da União\nou dos Estados julgados há menos de ', 'as exceções previstas em lei.\xa0\xa0\xa0\xa0\xa0\xa0\xa0\xa0 (Incluída pela Emenda Constitucional nº 45, de 2004)\n§ 6º Aplica-se aos membros do Ministério Público o disposto no art. 95, parágrafo único, V.\xa0\xa0\xa0\xa0\xa0\xa0\xa0\xa0 (Incluído pela\nEmenda Constitucional nº 45, de 2004)\n\uf24e Art. 129. São funções institucionais do Ministério Público:\nI - promover, privativamente, a ação penal pública, na forma da lei;\nII - zelar pelo efetivo respeito dos Poderes Públicos e dos serviços de relevância pública aos direitos assegurados\nnesta Constituição, promovendo as medidas necessárias a sua garantia;\nIII - promover o inquérito civil e a ação civil pública, para a proteção do patrimônio público e social, do meio\nambiente e de outros interesses difusos e coletivos;\nIV - promover a ação de inconstitucionalidade ou representação para fins de intervenção da União e dos Estados,\nnos casos previstos nesta Constituição;\nV - defender judicialmente os direitos e interesses das populações indígenas;\nVI - expedir notificações nos procedimentos administrativos de sua competência, requisitando informações e\ndocumentos para instruí-los, na forma da lei complementar respectiva;\nVII - exercer o controle externo da atividade policial, na forma da lei complementar mencionada no artigo anterior;\nVIII - requisitar diligências investigatórias e a instauração de inquérito policial, indicados os fundamentos jurídicos\nde suas manifestações processuais;\nIX - exercer outras funções que lhe forem conferidas, desde ', 'de investidura.\n\uf24e Art. 130-A. O Conselho Nacional do Ministério Público compõe-se de quatorze membros nomeados pelo\nPresidente da República, depois de aprovada a escolha pela maioria absoluta do Senado Federal, para um mandato de\ndois anos, admitida uma recondução, sendo:\xa0\xa0\xa0\xa0\xa0\xa0\xa0\xa0 (Incluído pela Emenda Constitucional nº 45, de 2004)\nI o Procurador-Geral da República, que o preside;\xa0\xa0\xa0 (Incluído pela Emenda Constitucional nº 45, de 2004)\nII quatro membros do Ministério Público da União, assegurada a representação de cada uma de suas carreiras;\xa0\xa0\xa0\xa0\n(Incluído pela Emenda Constitucional nº 45, de 2004)\nIII três membros do Ministério Público dos Estados;\xa0\xa0\xa0 (Incluído pela Emenda Constitucional nº 45, de 2004)\nIV dois juízes, indicados um pelo Supremo Tribunal Federal e outro pelo Superior Tribunal de Justiça;\xa0\xa0\xa0 (Incluído\npela Emenda Constitucional nº 45, de 2004)\nV dois advogados, indicados pelo Conselho Federal da Ordem dos Advogados do Brasil;\xa0\xa0\xa0 (Incluído pela Emenda\nConstitucional nº 45, de 2004)\nVI dois cidadãos de notável saber jurídico e reputação ilibada, indicados um pela Câmara dos Deputados e outro\npelo Senado Federal.\xa0\xa0\xa0 (Incluído pela Emenda Constitucional nº 45, de 2004)\n§ 1º Os membros do Conselho oriundos do Ministério Público serão indicados pelos respectivos Ministérios\nPúblicos, na forma da lei.\xa0\xa0\xa0\xa0 (Incluído pela Emenda Constitucional nº 45, de 2004)\n§ 2º Compete ao Conselho Nacional do Ministério ', 'um ano;\xa0\xa0 (Incluído pela Emenda Constitucional nº 45, de 2004)\nV elaborar relatório anual, propondo as providências que julgar necessárias sobre a situação do Ministério Público\nno País e as atividades do Conselho, o qual deve integrar a mensagem prevista no art. 84, XI.\xa0\xa0\xa0 (Incluído pela Emenda\nConstitucional nº 45, de 2004)\n§ 3º O Conselho escolherá, em votação secreta, um Corregedor nacional, dentre os membros do Ministério\nPúblico que o integram, vedada a recondução, competindo-lhe, além das atribuições que lhe forem conferidas pela lei, as\nseguintes:\xa0\xa0 (Incluído pela Emenda Constitucional nº 45, de 2004)\nI receber reclamações e denúncias, de qualquer interessado, relativas aos membros do Ministério Público e dos\nseus serviços auxiliares;\xa0\xa0 (Incluído pela Emenda Constitucional nº 45, de 2004)\nII exercer funções executivas do Conselho, de inspeção e correição geral;\xa0\xa0\xa0 (Incluído pela Emenda Constitucional\nnº 45, de 2004)\nIII requisitar e designar membros do Ministério Público, delegando-lhes atribuições, e requisitar servidores de\nórgãos do Ministério Público.\xa0\xa0 (Incluído pela Emenda Constitucional nº 45, de 2004)\n§ 4º O Presidente do Conselho Federal da Ordem dos Advogados do Brasil oficiará junto ao Conselho.\xa0\xa0 (Incluído\npela Emenda Constitucional nº 45, de 2004)\n§ 5º Leis da União e dos Estados criarão ouvidorias do Ministério Público, competentes para receber reclamações\ne denúncias de qualquer interessado contra membros ']","O Ministério Público é uma instituição que abrange dois ramos principais: 

I - O Ministério Público da União, que compreende:
   a) O Ministério Público Federal;
   b) O Ministério Público do Trabalho;
   c) O Ministério Público Militar;
   d) O Ministério Público do Distrito Federal e Territórios;

II - Os Ministérios Públicos dos Estados.","Abrange o Ministério Público da União (Federal, do Trabalho, Militar, do Distrito Federal e Territórios) e os Ministérios Públicos dos Estados (Art. 128).",1.0,0.9470215477131386,1.0,0.8333333332916666
Quais impostos e taxas os governos podem cobrar da população?,"['Estados, ao Distrito Federal e aos Municípios estabelecer diferença tributária entre\nbens e serviços, de qualquer natureza, em razão de sua procedência ou destino.\nSEÇÃO III\nDOS IMPOSTOS DA UNIÃO\n\uf24e Art. 153. Compete à União instituir impostos sobre:\nI - importação de produtos estrangeiros;\nII - exportação, para o exterior, de produtos nacionais ou nacionalizados;\nIII - renda e proventos de qualquer natureza;\nIV - produtos industrializados;\nV - operações de crédito, câmbio e seguro, ou relativas a títulos ou valores mobiliários;\nVI - propriedade territorial rural;\nVII - grandes fortunas, nos termos de lei complementar.\nVIII - produção, extração, comercialização ou importação de bens e serviços prejudiciais à saúde ou ao meio\nambiente, nos termos de lei complementar.\xa0\xa0\xa0\xa0 (Incluído pela Emenda Constitucional nº 132, de 2023)\n§ 1º É facultado ao Poder Executivo, atendidas as condições e os limites estabelecidos em lei, alterar as alíquotas\ndos impostos enumerados nos incisos I, II, IV e V.\n§ 2º O imposto previsto no inciso III:\nI - será informado pelos critérios da generalidade, da universalidade e da progressividade, na forma da lei;\nII -\xa0\xa0\xa0\xa0\xa0\xa0\xa0\xa0\xa0 \xa0 (Revogado pela Emenda Constitucional nº 20, de 1998)\n§ 3º O imposto previsto no inciso IV:\nI - será seletivo, em função da essencialidade do produto;\nII - será não-cumulativo, compensando-se o que for devido em ', 'direito à mobilidade urbana eficiente; e\xa0\xa0\xa0\xa0\xa0\xa0\xa0\xa0 (Incluído pela Emenda Constitucional nº 82, de\n2014)\nII - compete, no âmbito dos Estados, do Distrito Federal e dos Municípios, aos respectivos órgãos ou entidades\nexecutivos e seus agentes de trânsito, estruturados em Carreira, na forma da lei.\xa0 \xa0 \xa0 \xa0 \xa0 \xa0 \xa0 \xa0 \xa0 (Incluído pela Emenda\nConstitucional nº 82, de 2014)\nTÍTULO VI\nDA TRIBUTAÇÃO E DO ORÇAMENTO\nCAPÍTULO I\nDO SISTEMA TRIBUTÁRIO NACIONAL\nSEÇÃO I\nDOS PRINCÍPIOS GERAIS\n\uf24e Art. 145. A União, os Estados, o Distrito Federal e os Municípios poderão instituir os seguintes tributos:\nI - impostos;\nII - taxas, em razão do exercício do poder de polícia ou pela utilização, efetiva ou potencial, de serviços públicos\nespecíficos e divisíveis, prestados ao contribuinte ou postos a sua disposição;\nIII - contribuição de melhoria, decorrente de obras públicas.\n§ 1º Sempre que possível, os impostos terão caráter pessoal e serão graduados segundo a capacidade econômica\ndo contribuinte, facultado à administração tributária, especialmente para conferir efetividade a esses objetivos, identificar,\nrespeitados os direitos individuais e nos termos da lei, o patrimônio, os rendimentos e as atividades econômicas do\ncontribuinte.\n§ 2º As taxas não poderão ter base de cálculo própria de impostos.\n§ 3º O Sistema Tributário Nacional deve observar os princípios da simplicidade, da transparência, da justiça\ntributária, da cooperação ', '1% (um por cento) do valor de mercado do produto.\xa0\xa0\xa0\xa0\xa0 (Incluído pela Emenda Constitucional nº 132, de\n2023)\n\uf24e Art. 154. A União poderá instituir:\nI - mediante lei complementar, impostos não previstos no artigo anterior, desde que sejam não-cumulativos e não\ntenham fato gerador ou base de cálculo próprios dos discriminados nesta Constituição;\nII - na iminência ou no caso de guerra externa, impostos extraordinários, compreendidos ou não em sua\ncompetência tributária, os quais serão suprimidos, gradativamente, cessadas as causas de sua criação.\nSEÇÃO IV\nDOS IMPOSTOS DOS ESTADOS E DO DISTRITO FEDERAL\n\uf24e Art. 155. Compete aos Estados e ao Distrito Federal instituir impostos sobre:\xa0 \xa0 \xa0 \xa0 \xa0 \xa0 \xa0 \xa0 (Redação dada pela\nEmenda Constitucional nº 3, de 1993)\nI - transmissão causa mortis e doação, de quaisquer bens ou direitos;\xa0 \xa0 \xa0 \xa0 \xa0 \xa0 \xa0 \xa0 (Redação dada pela Emenda\nConstitucional nº 3, de 1993)\nII - operações relativas à circulação de mercadorias e sobre prestações de serviços de transporte interestadual e\nintermunicipal e de comunicação, ainda que as operações e as prestações se iniciem no exterior;\xa0\xa0\xa0\xa0\xa0\xa0\xa0\xa0 (Redação dada\npela Emenda Constitucional nº 3, de 1993)\xa0 (Vide Emenda Constitucional nº 132, de 2023)\xa0 Vigência\nIII - propriedade de veículos automotores.\xa0\xa0\xa0\xa0\xa0\xa0\xa0\xa0 (Redação dada pela Emenda Constitucional nº 3, de 1993)\n§ 1º ', 'forma do disposto no caput e no § 1º, assegurada a igualdade de\ntratamento em relação às aquisições internas.\xa0\xa0\xa0\xa0 (Incluído pela Emenda Constitucional nº 132, de 2023)\nSEÇÃO II\nDAS LIMITAÇÕES DO PODER DE TRIBUTAR\n\uf24e Art. 150. Sem prejuízo de outras garantias asseguradas ao contribuinte, é vedado à União, aos Estados, ao\nDistrito Federal e aos Municípios:\nI - exigir ou aumentar tributo sem lei que o estabeleça;\nII - instituir tratamento desigual entre contribuintes que se encontrem em situação equivalente, proibida qualquer\ndistinção em razão de ocupação profissional ou função por eles exercida, independentemente da denominação jurídica\ndos rendimentos, títulos ou direitos;\nIII - cobrar tributos:\na) em relação a fatos geradores ocorridos antes do início da vigência da lei que os houver instituído ou aumentado;\nb) no mesmo exercício financeiro em que haja sido publicada a lei que os instituiu ou aumentou;\xa0\xa0 (Vide Emenda\nConstitucional nº 3, de 1993)\nc) antes de decorridos noventa dias da data em que haja sido publicada a lei que os instituiu ou aumentou,\nobservado o disposto na alínea b;\xa0\xa0\xa0\xa0\xa0\xa0\xa0\xa0 (Incluído pela Emenda Constitucional nº 42, de 19.12.2003)\nIV - utilizar tributo com efeito de confisco;\nV - estabelecer limitações ao tráfego de pessoas ou bens, por meio de tributos interestaduais ou intermunicipais,\nressalvada a cobrança de pedágio pela utilização ', 'sobre a execução\ndos planos de governo;\nX - fiscalizar e controlar, diretamente, ou por qualquer de suas Casas, os atos do Poder Executivo, incluídos os da\nadministração indireta;\nXI - zelar pela preservação de sua competência legislativa em face da atribuição normativa dos outros Poderes;\nXII - apreciar os atos de concessão e renovação de concessão de emissoras de rádio e televisão;\nXIII - escolher dois terços dos membros do Tribunal de Contas da União;\nXIV - aprovar iniciativas do Poder Executivo referentes a atividades nucleares;\nXV - autorizar referendo e convocar plebiscito;\nXVI - autorizar, em terras indígenas, a exploração e o aproveitamento de recursos hídricos e a pesquisa e lavra de\nriquezas minerais;\nXVII - aprovar, previamente, a alienação ou concessão de terras públicas com área superior a dois mil e\nquinhentos hectares.\nXVIII - decretar o estado de calamidade pública de âmbito nacional previsto nos arts. 167-B, 167-C, 167-D, 167-E,\n167-F e 167-G desta Constituição.\xa0\xa0\xa0\xa0\xa0 (Incluído pela Emenda Constitucional nº 109, de 2021)\nArt. 50. A Câmara dos Deputados e o Senado Federal, ou qualquer de suas Comissões, poderão convocar Ministro\nde Estado, quaisquer titulares de órgãos diretamente subordinados à Presidência da República ou o Presidente do\nComitê Gestor do Imposto sobre Bens e Serviços para prestarem, pessoalmente, informações sobre assunto\npreviamente determinado, importando ']","De acordo com os trechos fornecidos, os governos podem cobrar os seguintes impostos e taxas:

**Impostos:**

* União:
 + Importação de produtos estrangeiros
 + Exportação de produtos nacionais ou nacionalizados
 + Renda e proventos de qualquer natureza
 + Produtos industrializados
 + Operações de crédito, câmbio e seguro, ou relativas a títulos ou valores mobiliários
 + Propriedade territorial rural
 + Grandes fortunas (nos termos de lei complementar)
 + Produção, extração, comercialização ou importação de bens e serviços prejudiciais à saúde ou ao meio ambiente (nos termos de lei complementar)
* Estados e Distrito Federal:
 + Transmissão causa mortis e doação de quaisquer bens ou direitos
 + Operações relativas à circulação de mercadorias e sobre prestações de serviços de transporte interestadual e intermunicipal e de comunicação
 + Propriedade de veículos automotores
* Municípios: não há impostos específicos mencionados nos trechos fornecidos.

**Taxas:**

* Em razão do exercício do poder de polícia
* Pela utilização, efetiva ou potencial, de serviços públicos específicos e divisíveis, prestados ao contribuinte ou postos a sua disposição.

**Contribuições:**

* Contribuição de melhoria, decorrente de obras públicas.

Observação: Essa lista não é exaustiva, pois os trechos fornecidos não abordam todos os tipos de impostos e taxas que os governos podem cobrar. Além disso, a lista pode não estar atualizada, pois os trechos fornecidos podem ter sido alterados por emendas constitucionais ou leis posteriores.","Impostos, taxas (pelo poder de polícia ou por serviços públicos) e contribuições de melhoria (Art. 145).",1.0,0.7851974189211598,1.0,0.99999999995
Como funciona a aposentadoria de quem trabalha no serviço público?,"['servidores ativos, de aposentados e\nde pensionistas, observados critérios que preservem o equilíbrio financeiro e atuarial.\xa0\xa0\xa0\xa0\xa0\xa0\xa0\xa0\xa0\xa0 (Redação dada pela\nEmenda Constitucional nº 103, de 2019)\n§ 1º O servidor abrangido por regime próprio de previdência social será aposentado: \xa0\xa0\xa0\xa0\xa0\xa0\xa0\xa0\xa0 (Redação dada pela\nEmenda Constitucional nº 103, de 2019)\nI - por incapacidade permanente para o trabalho, no cargo em que estiver investido, quando insuscetível de\nreadaptação, hipótese em que será obrigatória a realização de avaliações periódicas para verificação da continuidade\ndas condições que ensejaram a concessão da aposentadoria, na forma de lei do respectivo ente federativo;\xa0\xa0\xa0\xa0\xa0\xa0\xa0\xa0\xa0\xa0\n(Redação dada pela Emenda Constitucional nº 103, de 2019)\nII - compulsoriamente, com proventos proporcionais ao tempo de contribuição, aos 70 (setenta) anos de idade,\nou aos 75 (setenta e cinco) anos de idade, na forma de lei complementar;\xa0\xa0\xa0\xa0\xa0\xa0\xa0\xa0\xa0\xa0\xa0 \xa0\xa0\xa0\xa0 (Redação dada pela Emenda\nConstitucional nº 88, de 2015)\xa0\xa0\xa0\xa0\xa0\xa0\xa0\xa0 (Vide Lei Complementar nº 152, de 2015)\nIII - no âmbito da União, aos 62 (sessenta e dois) anos de idade, se mulher, e aos 65 (sessenta e cinco) anos\nde idade, se homem, e, no âmbito dos Estados, do Distrito Federal e dos Municípios, na idade mínima estabelecida\nmediante emenda às respectivas Constituições e Leis Orgânicas, observados o tempo de contribuição e os demais\nrequisitos estabelecidos em lei complementar ', 'aposentadoria concedida com a utilização de tempo de contribuição decorrente de cargo, emprego ou\nfunção pública, inclusive do Regime Geral de Previdência Social, acarretará o rompimento do vínculo que gerou o\nreferido tempo de contribuição.\xa0\xa0\xa0\xa0\xa0\xa0\xa0\xa0 \xa0 (Incluído pela Emenda Constitucional nº 103, de 2019)\n§ 15. É vedada a complementação de aposentadorias de servidores públicos e de pensões por morte a seus\ndependentes que não seja decorrente do disposto nos §§ 14 a 16 do art. 40 ou que não seja prevista em lei que\nextinga regime próprio de previdência social.\xa0\xa0\xa0\xa0\xa0\xa0\xa0\xa0\xa0\xa0 (Incluído pela Emenda Constitucional nº 103, de 2019)\n§ 16. Os órgãos e entidades da administração pública, individual ou conjuntamente, devem realizar avaliação das\npolíticas públicas, inclusive com divulgação do objeto a ser avaliado e dos resultados alcançados, na forma da lei.\xa0\xa0\xa0\xa0\xa0\xa0\n(Incluído pela Emenda Constitucional nº 109, de 2021)\n\uf24e Art. 38. Ao servidor público da administração direta, autárquica e fundacional, no exercício de mandato eletivo,\naplicam-se as seguintes disposições:\xa0\xa0\xa0\xa0\xa0\xa0\xa0\xa0\xa0\xa0\xa0\xa0\xa0\xa0\xa0 (Redação dada pela Emenda Constitucional nº 19, de 1998)\nI - tratando-se de mandato eletivo federal, estadual ou distrital, ficará afastado de seu cargo, emprego ou função;\nII - investido no mandato de Prefeito, será afastado do cargo, emprego ou função, sendo-lhe facultado optar pela\nsua remuneração;\nIII - investido no mandato ', 'ao estabelecido para os servidores titulares de cargos efetivos.\xa0\xa0\xa0\xa0\xa0\xa0\xa0\xa0\xa0\xa0\xa0\xa0\xa0\xa0\xa0 (Incluído\npela Emenda Constitucional nº 41, 19.12.2003)\xa0 (Vide ADIN 3133)\xa0 (Vide ADIN 3143)\xa0\xa0\xa0\xa0\xa0\xa0\xa0\xa0 (Vide ADIN 3184)\n§ 19. Observados critérios a serem estabelecidos em lei do respectivo ente federativo, o servidor titular de cargo\nefetivo que tenha completado as exigências para a aposentadoria voluntária e que opte por permanecer em atividade\npoderá fazer jus a um abono de permanência equivalente, no máximo, ao valor da sua contribuição previdenciária, até\ncompletar a idade para aposentadoria compulsória.\xa0\xa0\xa0\xa0\xa0\xa0\xa0\xa0 \xa0\xa0 (Redação dada pela Emenda Constitucional nº 103, de\n2019)\n§ 20. É vedada a existência de mais de um regime próprio de previdência social e de mais de um órgão ou\nentidade gestora desse regime em cada ente federativo, abrangidos todos os poderes, órgãos e entidades autárquicas\ne fundacionais, que serão responsáveis pelo seu financiamento, observados os critérios, os parâmetros e a natureza\njurídica definidos na lei complementar de que trata o § 22. \xa0\xa0\xa0\xa0\xa0\xa0\xa0\xa0\xa0\xa0 (Redação dada pela Emenda Constitucional nº 103,\nde 2019)\n§ 21. (Revogado).\xa0\xa0\xa0\xa0 (Redação dada pela Emenda Constitucional nº 103, de 2019)\n§ 22. Vedada a instituição de novos regimes próprios de previdência social, lei complementar federal\nestabelecerá, para os que já existam, normas gerais de organização, de funcionamento e de responsabilidade em sua\ngestão, dispondo, ', '(Redação dada pela Emenda Constitucional nº 103, de 2019)\n§ 13. A aposentadoria concedida ao segurado de que trata o § 12 terá valor de 1 (um) salário-mínimo.\xa0\xa0\xa0\xa0\xa0\xa0 \xa0\n(Redação dada pela Emenda Constitucional nº 103, de 2019)\n§ 14. É vedada a contagem de tempo de contribuição fictício para efeito de concessão dos benefícios\nprevidenciários e de contagem recíproca.\xa0\xa0\xa0\xa0 \xa0\xa0\xa0 (Incluído pela Emenda Constitucional nº 103, de 2019)\n§ 15. Lei complementar estabelecerá vedações, regras e condições para a acumulação de benefícios\nprevidenciários.\xa0\xa0\xa0\xa0 \xa0\xa0\xa0 (Incluído pela Emenda Constitucional nº 103, de 2019)\n§ 16. Os empregados dos consórcios públicos, das empresas públicas, das sociedades de economia mista e\ndas suas subsidiárias serão aposentados compulsoriamente, observado o cumprimento do tempo mínimo de\ncontribuição, ao atingir a idade máxima de que trata o inciso II do § 1º do art. 40, na forma estabelecida em lei.\xa0\xa0\xa0\xa0\n(Incluído pela Emenda Constitucional nº 103, de 2019)\n\uf24e Art. 202. O regime de previdência privada, de caráter complementar e organizado de forma autônoma em\nrelação ao regime geral de previdência social, será facultativo, baseado na constituição de reservas que garantam o\nbenefício contratado, e regulado por lei complementar.\xa0 \xa0 \xa0 \xa0 \xa0 \xa0 \xa0 \xa0 (Redação dada pela Emenda Constitucional nº 20, de\n1998)\xa0\xa0\xa0\xa0\xa0 (Vide Emenda Constitucional nº ', 'soma total dos proventos de inatividade, inclusive quando\ndecorrentes da acumulação de cargos ou empregos públicos, bem como de outras atividades sujeitas a contribuição para\no regime geral de previdência social, e ao montante resultante da adição de proventos de inatividade com remuneração\nde cargo acumulável na forma desta Constituição, cargo em comissão declarado em lei de livre nomeação e exoneração,\ne de cargo eletivo.\xa0\xa0\xa0\xa0\xa0 \xa0\xa0\xa0\xa0 (Incluído pela Emenda Constitucional nº 20, de 15/12/98)\n§ 12. Além do disposto neste artigo, serão observados, em regime próprio de previdência social, no que couber,\nos requisitos e critérios fixados para o Regime Geral de Previdência Social.\xa0\xa0\xa0\xa0\xa0\xa0\xa0\xa0\xa0 \xa0 (Redação dada pela Emenda\nConstitucional nº 103, de 2019)\n§ 13. Aplica-se ao agente público ocupante, exclusivamente, de cargo em comissão declarado em lei de livre\nnomeação e exoneração, de outro cargo temporário, inclusive mandato eletivo, ou de emprego público, o Regime\nGeral de Previdência Social.\xa0\xa0\xa0\xa0\xa0\xa0\xa0\xa0\xa0 \xa0 (Redação dada pela Emenda Constitucional nº 103, de 2019)\n§ 14. A União, os Estados, o Distrito Federal e os Municípios instituirão, por lei de iniciativa do respectivo Poder\nExecutivo, regime de previdência complementar para servidores públicos ocupantes de cargo efetivo, observado o\nlimite máximo dos benefícios do Regime Geral de Previdência Social para o valor das aposentadorias e das pensões\nem ']","A aposentadoria de quem trabalha no serviço público funciona da seguinte forma:

- O servidor abrangido por regime próprio de previdência social será aposentado por incapacidade permanente para o trabalho, no cargo em que estiver investido, quando insuscetível de readaptação.
- Compulsoriamente, com proventos proporcionais ao tempo de contribuição, aos 70 (setenta) anos de idade, ou aos 75 (setenta e cinco) anos de idade.
- No âmbito da União, aos 62 (sessenta e dois) anos de idade, se mulher, e aos 65 (sessenta e cinco) anos de idade, se homem, e, no âmbito dos Estados, do Distrito Federal e dos Municípios, na idade mínima estabelecida mediante emenda às respectivas Constituições e Leis Orgânicas, observados o tempo de contribuição e os demais requisitos estabelecidos em lei complementar.

Além disso, a aposentadoria concedida com a utilização de tempo de contribuição decorrente de cargo, emprego ou função pública, inclusive do Regime Geral de Previdência Social, acarretará o rompimento do vínculo que gerou o referido tempo de contribuição.","Regime próprio de previdência social, de caráter contributivo e solidário, com contribuição do ente federativo, dos servidores ativos, aposentados e pensionistas (Art. 40).",0.8888888888888888,1.0,1.0,0.6791666666496875
O que o Supremo Tribunal Federal tem o poder de julgar?,"['Emenda Constitucional nº 136, de 2025)\nSEÇÃO II\nDO SUPREMO TRIBUNAL FEDERAL\nArt. 101. O Supremo Tribunal Federal compõe-se de onze Ministros, escolhidos dentre cidadãos com mais de\ntrinta e cinco e menos de setenta anos de idade, de notável saber jurídico e reputação ilibada.\xa0\xa0 (Redação dada pela\nEmenda Constitucional nº 122, de 2022)\nParágrafo único. Os Ministros do Supremo Tribunal Federal serão nomeados pelo Presidente da República, depois\nde aprovada a escolha pela maioria absoluta do Senado Federal.\n\uf24e Art. 102. Compete ao Supremo Tribunal Federal, precipuamente, a guarda da Constituição, cabendo-lhe:\nI - processar e julgar, originariamente:\na) a ação direta de inconstitucionalidade de lei ou ato normativo federal ou estadual e a ação declaratória de\nconstitucionalidade de lei ou ato normativo federal;\xa0\xa0\xa0\xa0\xa0\xa0\xa0\xa0\xa0\xa0\xa0\xa0 (Redação dada pela Emenda Constitucional nº 3, de 1993)\nb) nas infrações penais comuns, o Presidente da República, o Vice-Presidente, os membros do Congresso\nNacional, seus próprios Ministros e o Procurador-Geral da República;\nc) nas infrações penais comuns e nos crimes de responsabilidade, os Ministros de Estado e os Comandantes da\nMarinha, do Exército e da Aeronáutica, ressalvado o disposto no art. 52, I, os membros dos Tribunais Superiores, os do\nTribunal de Contas da União e os chefes de missão diplomática de caráter permanente;\xa0\xa0\xa0\xa0\xa0\xa0\xa0\xa0\xa0\xa0\xa0\xa0\xa0 (Redação dada pela\nEmenda Constitucional nº 23, ', 'nos arts. 156-A e 195, V;\xa0\xa0\xa0\xa0\xa0\xa0 (Incluído pela Emenda Constitucional nº 132, de 2023)\nII - julgar, em recurso ordinário:\na) os habeas corpus decididos em única ou última instância pelos Tribunais Regionais Federais ou pelos tribunais\ndos Estados, do Distrito Federal e Territórios, quando a decisão for denegatória;\nb) os mandados de segurança decididos em única instância pelos Tribunais Regionais Federais ou pelos tribunais\ndos Estados, do Distrito Federal e Territórios, quando denegatória a decisão;\nc) as causas em que forem partes Estado estrangeiro ou organismo internacional, de um lado, e, do outro,\nMunicípio ou pessoa residente ou domiciliada no País;\nIII - julgar, em recurso especial, as causas decididas, em única ou última instância, pelos Tribunais Regionais\nFederais ou pelos tribunais dos Estados, do Distrito Federal e Territórios, quando a decisão recorrida:\na) contrariar tratado ou lei federal, ou negar-lhes vigência;\nb) julgar válido ato de governo local contestado em face de lei federal;\xa0\xa0\xa0\xa0\xa0\xa0\xa0\xa0\xa0\xa0\xa0\xa0\xa0 (Redação dada pela Emenda\nConstitucional nº 45, de 2004)\xa0\xa0\nc) der a lei federal interpretação divergente da que lhe haja atribuído outro tribunal.\n§ 1º\xa0 Funcionarão junto ao Superior Tribunal de Justiça:\nI - a Escola Nacional de Formação e Aperfeiçoamento de Magistrados, cabendo-lhe, dentre outras funções,\nregulamentar os cursos oficiais para o ingresso e promoção na carreira;\xa0\xa0\xa0\xa0\xa0\xa0\xa0\xa0 (Incluído pela ', 'território nacional, espaço aéreo e marítimo e bens do domínio da União;\nVI - incorporação, subdivisão ou desmembramento de áreas de Territórios ou Estados, ouvidas as respectivas\nAssembléias Legislativas;\nVII - transferência temporária da sede do Governo Federal;\nVIII - concessão de anistia;\nIX - organização administrativa, judiciária, do Ministério Público e da Defensoria Pública da União e dos Territórios\ne organização judiciária e do Ministério Público do Distrito Federal;\xa0\xa0\xa0\xa0\xa0\xa0\xa0\xa0\xa0\xa0\xa0 (Redação dada pela Emenda Constitucional nº\n69, de 2012)\xa0 (Produção de efeito)\nX – criação, transformação e extinção de cargos, empregos e funções públicas, observado o que estabelece o art.\n84, VI, b;\xa0\xa0\xa0\xa0\xa0\xa0\xa0\xa0\xa0\xa0 (Redação dada pela Emenda Constitucional nº 32, de 2001)\nXI – criação e extinção de Ministérios e órgãos da administração pública;\xa0\xa0\xa0\xa0\xa0\xa0\xa0\xa0\xa0\xa0\xa0\xa0 (Redação dada pela Emenda\nConstitucional nº 32, de 2001)\nXII - telecomunicações e radiodifusão;\nXIII - matéria financeira, cambial e monetária, instituições financeiras e suas operações;\nXIV - moeda, seus limites de emissão, e montante da dívida mobiliária federal.\nXV - fixação do subsídio dos Ministros do Supremo Tribunal Federal, observado o que dispõem os arts. 39, § 4º;\n150, II; 153, III; e 153, § 2º, I.\xa0\xa0\xa0\xa0\xa0\xa0\xa0\xa0\xa0\xa0\xa0\xa0 (Redação dada pela Emenda Constitucional nº 41, 19.12.2003)\n\uf24e Art. 49. É da competência exclusiva do Congresso Nacional:\nI - resolver definitivamente sobre tratados, acordos ou ', 'à segurança do território nacional e\nopinar sobre seu efetivo uso, especialmente na faixa de fronteira e nas relacionadas com a preservação e a exploração\ndos recursos naturais de qualquer tipo;\nIV - estudar, propor e acompanhar o desenvolvimento de iniciativas necessárias a garantir a independência\nnacional e a defesa do Estado democrático.\n§ 2º A lei regulará a organização e o funcionamento do Conselho de Defesa Nacional.\xa0\xa0\xa0 (Vide Lei nº 8.183, de\n1991)\nCAPÍTULO III\nDO PODER JUDICIÁRIO\nSEÇÃO I\nDISPOSIÇÕES GERAIS\n\uf24e Art. 92. São órgãos do Poder Judiciário:\nI - o Supremo Tribunal Federal;\nI-A o Conselho Nacional de Justiça;\xa0\xa0\xa0\xa0\xa0\xa0\xa0\xa0\xa0\xa0\xa0\xa0 (Incluído pela Emenda Constitucional nº 45, de 2004)\xa0\xa0\xa0\xa0\nII - o Superior Tribunal de Justiça;\nII-A - o Tribunal Superior do Trabalho;\xa0\xa0\xa0\xa0\xa0\xa0\xa0\xa0\xa0\xa0\xa0\xa0\xa0\xa0\xa0\xa0 (Incluído pela Emenda Constitucional nº 92, de 2016)\nIII - os Tribunais Regionais Federais e Juízes Federais;\nIV - os Tribunais e Juízes do Trabalho;\nV - os Tribunais e Juízes Eleitorais;\nVI - os Tribunais e Juízes Militares;\nVII - os Tribunais e Juízes dos Estados e do Distrito Federal e Territórios.\n§ 1º O Supremo Tribunal Federal, o Conselho Nacional de Justiça e os Tribunais Superiores têm sede na Capital\nFederal.\xa0\xa0\xa0\xa0\xa0\xa0\xa0\xa0\xa0\xa0\xa0\xa0 (Incluído pela Emenda Constitucional nº 45, de 2004)\xa0\xa0\xa0\xa0\xa0\xa0 (Vide ADIN 3392)\n§ 2º O Supremo Tribunal Federal e os Tribunais Superiores têm jurisdição em todo ', 'federal, excetuados os casos de\ncompetência dos tribunais federais;\nIX - os crimes cometidos a bordo de navios ou aeronaves, ressalvada a competência da Justiça Militar;\nX - os crimes de ingresso ou permanência irregular de estrangeiro, a execução de carta rogatória, após o\n""exequatur"", e de sentença estrangeira, após a homologação, as causas referentes à nacionalidade, inclusive a\nrespectiva opção, e à naturalização;\nXI - a disputa sobre direitos indígenas.\n§ 1º As causas em que a União for autora serão aforadas na seção judiciária onde tiver domicílio a outra parte.\n§ 2º As causas intentadas contra a União poderão ser aforadas na seção judiciária em que for domiciliado o autor,\nnaquela onde houver ocorrido o ato ou fato que deu origem à demanda ou onde esteja situada a coisa, ou, ainda, no\nDistrito Federal.\n§ 3º Lei poderá autorizar que as causas de competência da Justiça Federal em que forem parte instituição de\nprevidência social e segurado possam ser processadas e julgadas na justiça estadual quando a comarca do domicílio\ndo segurado não for sede de vara federal.\xa0\xa0\xa0\xa0\xa0\xa0\xa0\xa0\xa0 \xa0\xa0 (Redação dada pela Emenda Constitucional nº 103, de 2019)\n§ 4º Na hipótese do parágrafo anterior, o recurso cabível será sempre para o Tribunal Regional Federal na área de\njurisdição do juiz de primeiro ']","O Supremo Tribunal Federal tem o poder de julgar:

I - processar e julgar, originariamente:
   a) a ação direta de inconstitucionalidade de lei ou ato normativo federal ou estadual e a ação declaratória de constitucionalidade de lei ou ato normativo federal;
   b) nas infrações penais comuns, o Presidente da República, o Vice-Presidente, os membros do Congresso Nacional, seus próprios Ministros e o Procurador-Geral da República;
   c) nas infrações penais comuns e nos crimes de responsabilidade, os Ministros de Estado e os Comandantes da Marinha, do Exército e da Aeronáutica, ressalvado o disposto no art. 52, I, os membros dos Tribunais Superiores, os do Tribunal de Contas da União e os chefes de missão diplomática de caráter permanente;

II - julgar, em recurso ordinário:
   a) os habeas corpus decididos em única ou última instância pelos Tribunais Regionais Federais ou pelos tribunais dos Estados, do Distrito Federal e Territórios, quando a decisão for denegatória;
   b) os mandados de segurança decididos em única instância pelos Tribunais Regionais Federais ou pelos tribunais dos Estados, do Distrito Federal e Territórios, quando denegatória a decisão;
   c) as causas em que forem partes Estado estrangeiro ou organismo internacional, de um lado, e, do outro, Município ou pessoa residente ou domiciliada no País;

III - julgar, em recurso especial, as causas decididas, em única ou última instância, pelos Tribunais Regionais Federais ou pelos tribunais dos Estados, do Distrito Federal e Territórios, quando a decisão recorrida:
   a) contrariar tratado ou lei federal, ou negar-lhes vigência;
   b) julgar válido ato de governo local contestado em face de lei federal;
   c) der a lei federal interpretação divergente da que lhe haja atribuído outro tribunal.","Compete ao STF, precipuamente, a guarda da Constituição, incluindo julgar ações diretas de inconstitucionalidade, entre outras competências originárias (Art. 102).",1.0,0.8864289080095683,1.0,0.7499999999625
O que a lei diz sobre a proteção da família e do casamento?,"['não\npoderão ser instaladas.\n§ 7º Para fins do disposto na parte final do inciso VII do § 1º deste artigo, não se consideram cruéis as práticas\ndesportivas que utilizem animais, desde que sejam manifestações culturais, conforme o § 1º do art. 215 desta\nConstituição Federal, registradas como bem de natureza imaterial integrante do patrimônio cultural brasileiro, devendo\nser regulamentadas por lei específica que assegure o bem-estar dos animais envolvidos.\xa0\xa0\xa0\xa0\xa0\xa0\xa0\xa0 \xa0 (Incluído pela Emenda\nConstitucional nº 96, de 2017)\nCAPÍTULO VII\nDA FAMÍLIA, DA CRIANÇA, DO ADOLESCENTE, DO JOVEM E DO IDOSO\n(Redação dada Pela Emenda Constitucional nº 65, de 2010)\n\uf24e Art. 226. A família, base da sociedade, tem especial proteção do Estado.\n§ 1º O casamento é civil e gratuita a celebração.\n§ 2º O casamento religioso tem efeito civil, nos termos da lei.\n§ 3º Para efeito da proteção do Estado, é reconhecida a união estável entre o homem e a mulher como entidade\nfamiliar, devendo a lei facilitar sua conversão em casamento.\xa0\xa0\xa0\xa0 (Regulamento)\n§ 4º Entende-se, também, como entidade familiar a comunidade formada por qualquer dos pais e seus\ndescendentes.\n§ 5º Os direitos e deveres referentes à sociedade conjugal são exercidos igualmente pelo homem e pela mulher.\n§ 6º O casamento civil pode ser dissolvido pelo divórcio.\xa0\xa0\xa0\xa0\xa0\xa0\xa0\xa0 (Redação dada Pela Emenda Constitucional nº ', '66,\nde 2010)\n§ 7º Fundado nos princípios da dignidade da pessoa humana e da paternidade responsável, o planejamento\nfamiliar é livre decisão do casal, competindo ao Estado propiciar recursos educacionais e científicos para o exercício\ndesse direito, vedada qualquer forma coercitiva por parte de instituições oficiais ou privadas.\xa0\xa0\xa0 Regulamento\n§ 8º O Estado assegurará a assistência à família na pessoa de cada um dos que a integram, criando mecanismos\npara coibir a violência no âmbito de suas relações.\n\uf24e Art. 227. É dever da família, da sociedade e do Estado assegurar à criança, ao adolescente e ao jovem,\ncom absoluta prioridade, o direito à vida, à saúde, à alimentação, à educação, ao lazer, à profissionalização, à cultura,\nà dignidade, ao respeito, à liberdade e à convivência familiar e comunitária, além de colocá-los a salvo de toda forma\nde negligência, discriminação, exploração, violência, crueldade e opressão.\xa0 \xa0 \xa0 \xa0 \xa0 \xa0 \xa0 \xa0 (Redação dada Pela Emenda\nConstitucional nº 65, de 2010)\n§ 1º O Estado promoverá programas de assistência integral à saúde da criança, do adolescente e do jovem,\nadmitida a participação de entidades não governamentais, mediante políticas específicas e obedecendo aos seguintes\npreceitos:\xa0\xa0\xa0\xa0\xa0\xa0\xa0\xa0 (Redação dada Pela Emenda Constitucional nº 65, de 2010)\nI - aplicação de percentual dos recursos públicos destinados à saúde ', 'da atividade intelectual, artística, científica e de comunicação, independentemente de\ncensura ou licença;\nX - são invioláveis a intimidade, a vida privada, a honra e a imagem das pessoas, assegurado o direito a\nindenização pelo dano material ou moral decorrente de sua violação;\xa0\xa0\xa0\nXI - a casa é asilo inviolável do indivíduo, ninguém nela podendo penetrar sem consentimento do morador, salvo\nem caso de flagrante delito ou desastre, ou para prestar socorro, ou, durante o dia, por determinação judicial;\xa0\xa0\xa0\xa0\xa0\xa0\xa0\xa0\xa0\xa0\xa0\xa0\xa0\n\xa0(Vide Lei nº 13.105, de 2015)\xa0\xa0\xa0\xa0(Vigência)\nXII - é inviolável o sigilo da correspondência e das comunicações telegráficas, de dados e das comunicações\ntelefônicas, salvo, no último caso, por ordem judicial, nas hipóteses e na forma que a lei estabelecer para fins de\ninvestigação criminal ou instrução processual penal;\xa0\xa0\xa0\xa0\xa0\xa0\xa0\xa0\xa0\xa0\xa0\xa0\xa0 (Vide Lei nº 9.296, de 1996)\n\xa0XIII - é livre o exercício de qualquer trabalho, ofício ou profissão, atendidas as qualificações profissionais que a lei\nestabelecer; \xa0\xa0\nXIV - é assegurado a todos o acesso à informação e resguardado o sigilo da fonte, quando necessário ao exercício\nprofissional; \xa0\xa0\nXV - é livre a locomoção no território nacional em tempo de paz, podendo qualquer pessoa, nos termos da lei, nele\nentrar, permanecer ou dele sair com seus bens;\nXVI - todos podem reunir-se pacificamente, sem armas, em locais ', 'e respeito à condição peculiar de pessoa em\ndesenvolvimento, quando da aplicação de qualquer medida privativa da liberdade;\nVI - estímulo do Poder Público, através de assistência jurídica, incentivos fiscais e subsídios, nos termos da lei, ao\nacolhimento, sob a forma de guarda, de criança ou adolescente órfão ou abandonado;\nVII - programas de prevenção e atendimento especializado à criança, ao adolescente e ao jovem dependente\nde entorpecentes e drogas afins.\xa0\xa0\xa0\xa0\xa0\xa0\xa0\xa0 (Redação dada Pela Emenda Constitucional nº 65, de 2010)\n§ 4º A lei punirá severamente o abuso, a violência e a exploração sexual da criança e do adolescente.\n§ 5º A adoção será assistida pelo Poder Público, na forma da lei, que estabelecerá casos e condições de sua\nefetivação por parte de estrangeiros.\n§ 6º Os filhos, havidos ou não da relação do casamento, ou por adoção, terão os mesmos direitos e qualificações,\nproibidas quaisquer designações discriminatórias relativas à filiação.\n§ 7º No atendimento dos direitos da criança e do adolescente levar-se- á em consideração o disposto no art. 204.\n§ 8º A lei estabelecerá:\xa0\xa0\xa0\xa0\xa0\xa0\xa0\xa0 (Incluído Pela Emenda Constitucional nº 65, de 2010)\nI - o estatuto da juventude, destinado a regular os direitos dos jovens;\xa0 \xa0 \xa0 \xa0 \xa0 \xa0 \xa0 \xa0 (Incluído Pela Emenda\nConstitucional nº 65, de 2010)\nII - o ', 'iguais perante a lei, sem distinção de qualquer natureza, garantindo-se aos brasileiros e aos\nestrangeiros residentes no País a inviolabilidade do direito à vida, à liberdade, à igualdade, à segurança e à propriedade,\nnos termos seguintes:\nI - homens e mulheres são iguais em direitos e obrigações, nos termos desta Constituição;\nII - ninguém será obrigado a fazer ou deixar de fazer alguma coisa senão em virtude de lei;\nIII - ninguém será submetido a tortura nem a tratamento desumano ou degradante;\nIV - é livre a manifestação do pensamento, sendo vedado o anonimato;\xa0\xa0\nV - é assegurado o direito de resposta, proporcional ao agravo, além da indenização por dano material, moral ou à\nimagem;\xa0\nVI - é inviolável a liberdade de consciência e de crença, sendo assegurado o livre exercício dos cultos religiosos e\ngarantida, na forma da lei, a proteção aos locais de culto e a suas liturgias;\xa0\xa0\nVII - é assegurada, nos termos da lei, a prestação de assistência religiosa nas entidades civis e militares de\ninternação coletiva;\xa0\xa0\nVIII - ninguém será privado de direitos por motivo de crença religiosa ou de convicção filosófica ou política, salvo\nse as invocar para eximir-se de obrigação legal a todos imposta e recusar-se a cumprir prestação alternativa, fixada em\nlei;\nIX - é livre a expressão ']","A família, base da sociedade, tem especial proteção do Estado. O casamento é civil e gratuito, e o casamento religioso tem efeito civil, nos termos da lei. A união estável entre o homem e a mulher é reconhecida como entidade familiar e a lei deve facilitar sua conversão em casamento. Além disso, o casamento civil pode ser dissolvido pelo divórcio. O Estado também assegurará a assistência à família, criando mecanismos para coibir a violência no âmbito de suas relações. O planejamento familiar é livre decisão do casal, e o Estado deve propiciar recursos educacionais e científicos para o exercício desse direito.",A família é a base da sociedade e tem especial proteção do Estado; o casamento é civil e sua celebração é gratuita (Art. 226).,1.0,0.8107906516559952,1.0,0.9999999999
Quais tribunais e órgãos fazem parte do Poder Judiciário?,"['à segurança do território nacional e\nopinar sobre seu efetivo uso, especialmente na faixa de fronteira e nas relacionadas com a preservação e a exploração\ndos recursos naturais de qualquer tipo;\nIV - estudar, propor e acompanhar o desenvolvimento de iniciativas necessárias a garantir a independência\nnacional e a defesa do Estado democrático.\n§ 2º A lei regulará a organização e o funcionamento do Conselho de Defesa Nacional.\xa0\xa0\xa0 (Vide Lei nº 8.183, de\n1991)\nCAPÍTULO III\nDO PODER JUDICIÁRIO\nSEÇÃO I\nDISPOSIÇÕES GERAIS\n\uf24e Art. 92. São órgãos do Poder Judiciário:\nI - o Supremo Tribunal Federal;\nI-A o Conselho Nacional de Justiça;\xa0\xa0\xa0\xa0\xa0\xa0\xa0\xa0\xa0\xa0\xa0\xa0 (Incluído pela Emenda Constitucional nº 45, de 2004)\xa0\xa0\xa0\xa0\nII - o Superior Tribunal de Justiça;\nII-A - o Tribunal Superior do Trabalho;\xa0\xa0\xa0\xa0\xa0\xa0\xa0\xa0\xa0\xa0\xa0\xa0\xa0\xa0\xa0\xa0 (Incluído pela Emenda Constitucional nº 92, de 2016)\nIII - os Tribunais Regionais Federais e Juízes Federais;\nIV - os Tribunais e Juízes do Trabalho;\nV - os Tribunais e Juízes Eleitorais;\nVI - os Tribunais e Juízes Militares;\nVII - os Tribunais e Juízes dos Estados e do Distrito Federal e Territórios.\n§ 1º O Supremo Tribunal Federal, o Conselho Nacional de Justiça e os Tribunais Superiores têm sede na Capital\nFederal.\xa0\xa0\xa0\xa0\xa0\xa0\xa0\xa0\xa0\xa0\xa0\xa0 (Incluído pela Emenda Constitucional nº 45, de 2004)\xa0\xa0\xa0\xa0\xa0\xa0 (Vide ADIN 3392)\n§ 2º O Supremo Tribunal Federal e os Tribunais Superiores têm jurisdição em todo ', 'MILITARES\n\uf24e Art. 122. São órgãos da Justiça Militar:\nI - o Superior Tribunal Militar;\nII - os Tribunais e Juízes Militares instituídos por lei.\n\uf24e Art. 123. O Superior Tribunal Militar compor-se-á de quinze Ministros vitalícios, nomeados pelo Presidente da\nRepública, depois de aprovada a indicação pelo Senado Federal, sendo três dentre oficiais-generais da Marinha, quatro\ndentre oficiais-generais do Exército, três dentre oficiais-generais da Aeronáutica, todos da ativa e do posto mais elevado\nda carreira, e cinco dentre civis.\nParágrafo único. Os Ministros civis serão escolhidos pelo Presidente da República dentre brasileiros com mais\nde trinta e cinco e menos de setenta anos de idade, sendo:\xa0\xa0\xa0\xa0\xa0\xa0 (Redação dada pela Emenda Constitucional nº 122, de\n2022)\nI - três dentre advogados de notório saber jurídico e conduta ilibada, com mais de dez anos de efetiva atividade\nprofissional;\nII - dois, por escolha paritária, dentre juízes auditores e membros do Ministério Público da Justiça Militar.\n\uf24e Art. 124. à Justiça Militar compete processar e julgar os crimes militares definidos em lei.\nParágrafo único. A lei disporá sobre a organização, o funcionamento e a competência da Justiça Militar.\nSEÇÃO VIII\nDOS TRIBUNAIS E JUÍZES DOS ESTADOS\n\uf24e Art. 125. Os Estados organizarão sua Justiça, observados os princípios estabelecidos nesta Constituição.\n§ 1º A competência dos tribunais será definida na Constituição do ', 'extinção dos tribunais inferiores;\nd) a alteração da organização e da divisão judiciárias;\nIII - aos Tribunais de Justiça julgar os juízes estaduais e do Distrito Federal e Territórios, bem como os membros do\nMinistério Público, nos crimes comuns e de responsabilidade, ressalvada a competência da Justiça Eleitoral.\nParágrafo único. Nos Tribunais de Justiça compostos de mais de 170 (cento e setenta) desembargadores em\nefetivo exercício, a eleição para os cargos diretivos, de que trata a alínea ""a"" do inciso I docaputdeste artigo, será\nrealizada entre os membros do tribunal pleno, por maioria absoluta e por voto direto e secreto, para um mandato de 2\n(dois) anos, vedada mais de 1 (uma) recondução sucessiva.\xa0\xa0\xa0\xa0\xa0 (Incluído pela Emenda Constitucional nº 134, de 2024)\n\uf24e Art. 97. Somente pelo voto da maioria absoluta de seus membros ou dos membros do respectivo órgão\nespecial poderão os tribunais declarar a inconstitucionalidade de lei ou ato normativo do Poder Público.\xa0\xa0\xa0\xa0\xa0 (Vide Lei nº\n13.105, de 2015) (Vigência)\n\uf24e Art. 98. A União, no Distrito Federal e nos Territórios, e os Estados criarão:\nI - juizados especiais, providos por juízes togados, ou togados e leigos, competentes para a conciliação, o\njulgamento e a execução de causas cíveis de menor complexidade e infrações penais de menor potencial ofensivo,\nmediante os procedimentos ', 'acórdão recorrido contrariar jurisprudência dominante do Superior Tribunal de Justiça;\xa0\xa0\n(Incluído pela Emenda Constitucional nº 125, de 2022)\nVI - outras hipóteses previstas em lei.\xa0\xa0 (Incluído pela Emenda Constitucional nº 125, de 2022)\nSEÇÃO IV\nDOS TRIBUNAIS REGIONAIS FEDERAIS E DOS JUÍZES FEDERAIS\n\uf24e Art. 106. São órgãos da Justiça Federal:\nI - os Tribunais Regionais Federais;\nII - os Juízes Federais.\nArt. 107. Os Tribunais Regionais Federais compõem-se de, no mínimo, sete juízes, recrutados, quando\npossível, na respectiva região e nomeados pelo Presidente da República dentre brasileiros com mais de trinta e\nmenos de setenta anos de idade, sendo:\xa0\xa0\xa0\xa0\xa0\xa0 (Redação dada pela Emenda Constitucional nº 122, de 2022)\nI - um quinto dentre advogados com mais de dez anos de efetiva atividade profissional e membros do Ministério\nPúblico Federal com mais de dez anos de carreira;\nII - os demais, mediante promoção de juízes federais com mais de cinco anos de exercício, por antigüidade e\nmerecimento, alternadamente.\n§ 1º A lei disciplinará a remoção ou a permuta de juízes dos Tribunais Regionais Federais e determinará sua\njurisdição e sede.\xa0\xa0\xa0\xa0\xa0\xa0\xa0\xa0\xa0\xa0\xa0\xa0\xa0\xa0\xa0\xa0\xa0 (Renumerado do parágrafo único, pela Emenda Constitucional nº 45, de 2004)\xa0\xa0\xa0\xa0\xa0\n§ 2º Os Tribunais Regionais Federais instalarão a justiça itinerante, com a realização de audiências e demais\nfunções da atividade jurisdicional, nos limites territoriais da respectiva jurisdição, ', 'Constitucional nº 122, de 2022)\nI - um terço dentre juízes dos Tribunais Regionais Federais e um terço dentre desembargadores dos Tribunais de\nJustiça, indicados em lista tríplice elaborada pelo próprio Tribunal;\nII - um terço, em partes iguais, dentre advogados e membros do Ministério Público Federal, Estadual, do Distrito\nFederal e Territórios, alternadamente, indicados na forma do art. 94.\n\uf24e Art. 105. Compete ao Superior Tribunal de Justiça:\nI - processar e julgar, originariamente:\na) nos crimes comuns, os Governadores dos Estados e do Distrito Federal, e, nestes e nos de responsabilidade,\nos desembargadores dos Tribunais de Justiça dos Estados e do Distrito Federal, os membros dos Tribunais de Contas\ndos Estados e do Distrito Federal, os dos Tribunais Regionais Federais, dos Tribunais Regionais Eleitorais e do Trabalho,\nos membros dos Conselhos ou Tribunais de Contas dos Municípios e os do Ministério Público da União que oficiem\nperante tribunais;\nb) os mandados de segurança e os habeas data contra ato de Ministro de Estado, dos Comandantes da Marinha,\ndo Exército e da Aeronáutica ou do próprio Tribunal; \xa0\xa0\xa0\xa0\xa0\xa0\xa0\xa0\xa0\xa0\xa0\xa0\xa0\xa0 (Redação dada pela Emenda Constitucional nº 23, de\n1999)\nc) os habeas corpus, quando o coator ou paciente for qualquer das pessoas mencionadas na alínea a, ou quando\no coator for tribunal sujeito à sua jurisdição, Ministro ']","De acordo com o texto, os órgãos do Poder Judiciário são:

I - o Supremo Tribunal Federal;
I-A - o Conselho Nacional de Justiça;
II - o Superior Tribunal de Justiça;
II-A - o Tribunal Superior do Trabalho;
III - os Tribunais Regionais Federais e Juízes Federais;
IV - os Tribunais e Juízes do Trabalho;
V - os Tribunais e Juízes Eleitorais;
VI - os Tribunais e Juízes Militares;
VII - os Tribunais e Juízes dos Estados e do Distrito Federal e Territórios.

Além disso, também são mencionados como parte da Justiça Militar:
- o Superior Tribunal Militar;
- os Tribunais e Juízes Militares instituídos por lei.

E como parte da Justiça Federal:
- os Tribunais Regionais Federais;
- os Juízes Federais.","STF, CNJ, STJ, Tribunais Regionais Federais e juízes federais, tribunais e juízes do trabalho, eleitorais, militares e dos Estados/DF (Art. 92).",1.0,0.8437544682976734,1.0,0.9999999999
Criança e adolescente têm prioridade em algum direito perante a lei?,"['e respeito à condição peculiar de pessoa em\ndesenvolvimento, quando da aplicação de qualquer medida privativa da liberdade;\nVI - estímulo do Poder Público, através de assistência jurídica, incentivos fiscais e subsídios, nos termos da lei, ao\nacolhimento, sob a forma de guarda, de criança ou adolescente órfão ou abandonado;\nVII - programas de prevenção e atendimento especializado à criança, ao adolescente e ao jovem dependente\nde entorpecentes e drogas afins.\xa0\xa0\xa0\xa0\xa0\xa0\xa0\xa0 (Redação dada Pela Emenda Constitucional nº 65, de 2010)\n§ 4º A lei punirá severamente o abuso, a violência e a exploração sexual da criança e do adolescente.\n§ 5º A adoção será assistida pelo Poder Público, na forma da lei, que estabelecerá casos e condições de sua\nefetivação por parte de estrangeiros.\n§ 6º Os filhos, havidos ou não da relação do casamento, ou por adoção, terão os mesmos direitos e qualificações,\nproibidas quaisquer designações discriminatórias relativas à filiação.\n§ 7º No atendimento dos direitos da criança e do adolescente levar-se- á em consideração o disposto no art. 204.\n§ 8º A lei estabelecerá:\xa0\xa0\xa0\xa0\xa0\xa0\xa0\xa0 (Incluído Pela Emenda Constitucional nº 65, de 2010)\nI - o estatuto da juventude, destinado a regular os direitos dos jovens;\xa0 \xa0 \xa0 \xa0 \xa0 \xa0 \xa0 \xa0 (Incluído Pela Emenda\nConstitucional nº 65, de 2010)\nII - o ', '66,\nde 2010)\n§ 7º Fundado nos princípios da dignidade da pessoa humana e da paternidade responsável, o planejamento\nfamiliar é livre decisão do casal, competindo ao Estado propiciar recursos educacionais e científicos para o exercício\ndesse direito, vedada qualquer forma coercitiva por parte de instituições oficiais ou privadas.\xa0\xa0\xa0 Regulamento\n§ 8º O Estado assegurará a assistência à família na pessoa de cada um dos que a integram, criando mecanismos\npara coibir a violência no âmbito de suas relações.\n\uf24e Art. 227. É dever da família, da sociedade e do Estado assegurar à criança, ao adolescente e ao jovem,\ncom absoluta prioridade, o direito à vida, à saúde, à alimentação, à educação, ao lazer, à profissionalização, à cultura,\nà dignidade, ao respeito, à liberdade e à convivência familiar e comunitária, além de colocá-los a salvo de toda forma\nde negligência, discriminação, exploração, violência, crueldade e opressão.\xa0 \xa0 \xa0 \xa0 \xa0 \xa0 \xa0 \xa0 (Redação dada Pela Emenda\nConstitucional nº 65, de 2010)\n§ 1º O Estado promoverá programas de assistência integral à saúde da criança, do adolescente e do jovem,\nadmitida a participação de entidades não governamentais, mediante políticas específicas e obedecendo aos seguintes\npreceitos:\xa0\xa0\xa0\xa0\xa0\xa0\xa0\xa0 (Redação dada Pela Emenda Constitucional nº 65, de 2010)\nI - aplicação de percentual dos recursos públicos destinados à saúde ', 'plano nacional de juventude, de duração decenal, visando à articulação das várias esferas do poder\npúblico para a execução de políticas públicas.\xa0\xa0\xa0\xa0\xa0\xa0\xa0\xa0 (Incluído Pela Emenda Constitucional nº 65, de 2010)\n\uf24e Art. 228. São penalmente inimputáveis os menores de dezoito anos, sujeitos às normas da legislação especial.\n\uf24e Art. 229. Os pais têm o dever de assistir, criar e educar os filhos menores, e os filhos maiores têm o dever de\najudar e amparar os pais na velhice, carência ou enfermidade.\n\uf24e Art. 230. A família, a sociedade e o Estado têm o dever de amparar as pessoas idosas, assegurando sua\nparticipação na comunidade, defendendo sua dignidade e bem-estar e garantindo-lhes o direito à vida.\n§ 1º Os programas de amparo aos idosos serão executados preferencialmente em seus lares.\n§ 2º Aos maiores de sessenta e cinco anos é garantida a gratuidade dos transportes coletivos urbanos.\nCAPÍTULO VIII\nDOS ÍNDIOS\n\uf24e Art. 231. São reconhecidos aos índios sua organização social, costumes, línguas, crenças e tradições, e os\ndireitos originários sobre as terras que tradicionalmente ocupam, competindo à União demarcá-las, proteger e fazer\nrespeitar todos os seus bens.\xa0\xa0\xa0 Regulamento\n§ 1º São terras tradicionalmente ocupadas pelos índios as por eles habitadas em caráter permanente, as utilizadas\npara suas atividades produtivas, as imprescindíveis à preservação dos recursos ', 'na assistência materno-infantil;\nII - criação de programas de prevenção e atendimento especializado para as pessoas portadoras de deficiência\nfísica, sensorial ou mental, bem como de integração social do adolescente e do jovem portador de deficiência,\nmediante o treinamento para o trabalho e a convivência, e a facilitação do acesso aos bens e serviços coletivos, com\na eliminação de obstáculos arquitetônicos e de todas as formas de discriminação.\xa0\xa0\xa0\xa0\xa0\xa0\xa0\xa0 (Redação dada Pela Emenda\nConstitucional nº 65, de 2010)\n§ 2º A lei disporá sobre normas de construção dos logradouros e dos edifícios de uso público e de fabricação de\nveículos de transporte coletivo, a fim de garantir acesso adequado às pessoas portadoras de deficiência.\n§ 3º O direito a proteção especial abrangerá os seguintes aspectos:\nI - idade mínima de quatorze anos para admissão ao trabalho, observado o disposto no art. 7º, XXXIII;\nII - garantia de direitos previdenciários e trabalhistas;\nIII - garantia de acesso do trabalhador adolescente e jovem à escola;\xa0 \xa0 \xa0 \xa0 \xa0 \xa0 \xa0 \xa0 (Redação dada Pela Emenda\nConstitucional nº 65, de 2010)\nIV - garantia de pleno e formal conhecimento da atribuição de ato infracional, igualdade na relação processual e\ndefesa técnica por profissional habilitado, segundo dispuser a legislação tutelar específica;\nV - obediência aos princípios de brevidade, excepcionalidade ', 'assistência jurídica integral e gratuita aos que comprovarem insuficiência de recursos;\nLXXV - o Estado indenizará o condenado por erro judiciário, assim como o que ficar preso além do tempo fixado\nna sentença;\nLXXVI - são gratuitos para os reconhecidamente pobres, na forma da lei:\xa0\xa0\xa0\xa0\xa0\xa0\xa0\xa0\xa0\xa0\xa0\xa0\xa0\xa0 (Vide Lei nº 7.844, de 1989)\na) o registro civil de nascimento;\nb) a certidão de óbito;\nLXXVII - são gratuitas as ações de habeas corpus e habeas data, e, na forma da lei, os atos necessários ao\nexercício da cidadania.\xa0\xa0\xa0\xa0\xa0\xa0\xa0\xa0\xa0\xa0\xa0 (Regulamento)\nLXXVIII - a todos, no âmbito judicial e administrativo, são assegurados a razoável duração do processo e os meios\nque garantam a celeridade de sua tramitação.\xa0\xa0\xa0\xa0\xa0\xa0\xa0\xa0\xa0\xa0\xa0 \xa0(Incluído pela Emenda Constitucional nº 45, de 2004)\xa0\xa0\xa0\xa0\xa0\xa0\xa0 (Vide\nADIN 3392)\nLXXIX - é assegurado, nos termos da lei, o direito à proteção dos dados pessoais, inclusive nos meios digitais.\xa0\xa0\n(Incluído pela Emenda Constitucional nº 115, de 2022)\n§ 1º As normas definidoras dos direitos e garantias fundamentais têm aplicação imediata.\n§ 2º Os direitos e garantias expressos nesta Constituição não excluem outros decorrentes do regime e dos\nprincípios por ela adotados, ou dos tratados internacionais em que a República Federativa do Brasil seja parte.\n§ 3º Os tratados e convenções internacionais sobre direitos humanos que forem aprovados, em cada Casa do\nCongresso Nacional, ']","Sim, de acordo com o Art. 227, é dever da família, da sociedade e do Estado assegurar à criança, ao adolescente e ao jovem, com absoluta prioridade, o direito à vida, à saúde, à alimentação, à educação, ao lazer, à profissionalização, à cultura, à dignidade, ao respeito, à liberdade e à convivência familiar e comunitária.","É dever da família, da sociedade e do Estado assegurar à criança, ao adolescente e ao jovem, com absoluta prioridade, direitos como vida, saúde, alimentação e educação (Art. 227).",1.0,0.7136331584811322,1.0,0.99999999995
Existe alguma regra sobre como a economia do país deve funcionar?,"['5º A lei, sem prejuízo da responsabilidade individual dos dirigentes da pessoa jurídica, estabelecerá a\nresponsabilidade desta, sujeitando-a às punições compatíveis com sua natureza, nos atos praticados contra a ordem\neconômica e financeira e contra a economia popular.\n\uf24e Art. 174. Como agente normativo e regulador da atividade econômica, o Estado exercerá, na forma da lei, as\nfunções de fiscalização, incentivo e planejamento, sendo este determinante para o setor público e indicativo para o setor\nprivado.\xa0\xa0\xa0\xa0\xa0\xa0\xa0\xa0\xa0\xa0 (Vide Lei nº 13.874, de 2019)\n§ 1º A lei estabelecerá as diretrizes e bases do planejamento do desenvolvimento nacional equilibrado, o qual\nincorporará e compatibilizará os planos nacionais e regionais de desenvolvimento.\n§ 2º A lei apoiará e estimulará o cooperativismo e outras formas de associativismo.\n§ 3º O Estado favorecerá a organização da atividade garimpeira em cooperativas, levando em conta a proteção do\nmeio ambiente e a promoção econômico-social dos garimpeiros.\n§ 4º As cooperativas a que se refere o parágrafo anterior terão prioridade na autorização ou concessão para\npesquisa e lavra dos recursos e jazidas de minerais garimpáveis, nas áreas onde estejam atuando, e naquelas fixadas de\nacordo com o art. 21, XXV, na forma da lei.\n\uf24e Art. 175. Incumbe ao Poder Público, na forma da lei, diretamente ou sob regime de concessão ou ', 'cinco anos\nininterruptos, sem oposição, área de terra, em zona rural, não superior a cinqüenta hectares, tornando-a produtiva por\nseu trabalho ou de sua família, tendo nela sua moradia, adquirir-lhe-á a propriedade.\nParágrafo único. Os imóveis públicos não serão adquiridos por usucapião.\nCAPÍTULO IV\nDO SISTEMA FINANCEIRO NACIONAL\n\uf24e Art. 192. O sistema financeiro nacional, estruturado de forma a promover o desenvolvimento equilibrado do\nPaís e a servir aos interesses da coletividade, em todas as partes que o compõem, abrangendo as cooperativas de\ncrédito, será regulado por leis complementares que disporão, inclusive, sobre a participação do capital estrangeiro nas\ninstituições que o integram.\xa0\xa0\xa0\xa0\xa0\xa0\xa0\xa0\xa0\xa0\xa0\xa0 (Redação dada pela Emenda Constitucional nº 40, de 2003)\xa0\xa0\xa0\xa0 (Vide Lei nº 8.392, de\n1991)\nI - (Revogado).\xa0\xa0\xa0\xa0\xa0\xa0\xa0\xa0 (Redação dada pela Emenda Constitucional nº 40, de 2003)\nII - (Revogado).\xa0\xa0\xa0\xa0\xa0\xa0\xa0\xa0 (Redação dada pela Emenda Constitucional nº 40, de 2003)\nIII - (Revogado)\xa0\xa0\xa0\xa0\xa0\xa0\xa0\xa0 (Redação dada pela Emenda Constitucional nº 40, de 2003)\na) (Revogado)\xa0\xa0\xa0\xa0\xa0\xa0\xa0\xa0 (Redação dada pela Emenda Constitucional nº 40, de 2003)\nb) (Revogado)\xa0\xa0\xa0\xa0\xa0\xa0\xa0\xa0 (Redação dada pela Emenda Constitucional nº 40, de 2003)\nIV - (Revogado)\xa0\xa0\xa0\xa0\xa0\xa0\xa0\xa0 (Redação dada pela Emenda Constitucional nº 40, de 2003)\nV -(Revogado)\xa0\xa0\xa0\xa0\xa0\xa0\xa0\xa0 (Redação dada pela Emenda Constitucional nº 40, de 2003)\nVI - (Revogado)\xa0\xa0\xa0\xa0\xa0\xa0\xa0\xa0 (Redação dada pela Emenda Constitucional nº 40, de 2003)\nVII - (Revogado)\xa0\xa0\xa0\xa0\xa0\xa0\xa0\xa0 (Redação dada pela Emenda Constitucional ', 'defesa do meio ambiente, inclusive mediante tratamento diferenciado conforme o impacto ambiental dos\nprodutos e serviços e de seus processos de elaboração e prestação;\xa0\xa0\xa0\xa0\xa0\xa0\xa0\xa0 (Redação dada pela Emenda Constitucional nº\n42, de 19.12.2003)\nVII - redução das desigualdades regionais e sociais;\nVIII - busca do pleno emprego;\nIX - tratamento favorecido para as empresas de pequeno porte constituídas sob as leis brasileiras e que tenham\nsua sede e administração no País.\xa0\xa0\xa0\xa0\xa0\xa0\xa0\xa0 (Redação dada pela Emenda Constitucional nº 6, de 1995)\nParágrafo único. É assegurado a todos o livre exercício de qualquer atividade econômica, independentemente de\nautorização de órgãos públicos, salvo nos casos previstos em lei.\xa0\xa0\xa0\xa0\xa0\xa0\xa0\xa0\xa0\xa0\xa0 (Vide Lei nº 13.874, de 2019)\n\uf24e Art. 171.\xa0\xa0\xa0\xa0\xa0\xa0\xa0\xa0 (Revogado pela Emenda Constitucional nº 6, de 1995)\n\uf24e Art. 172. A lei disciplinará, com base no interesse nacional, os investimentos de capital estrangeiro, incentivará\nos reinvestimentos e regulará a remessa de lucros.\n\uf24e Art. 173. Ressalvados os casos previstos nesta Constituição, a exploração direta de atividade econômica pelo\nEstado só será permitida quando necessária aos imperativos da segurança nacional ou a relevante interesse coletivo,\nconforme definidos em lei.\n§ 1º A lei estabelecerá o estatuto jurídico da empresa pública, da sociedade de economia mista e de suas\nsubsidiárias que explorem atividade econômica de produção ou comercialização de bens ou de prestação ', 'seis\nmeses.\n\uf24e Art. 237. A fiscalização e o controle sobre o comércio exterior, essenciais à defesa dos interesses fazendários\nnacionais, serão exercidos pelo Ministério da Fazenda.\n\uf24e Art. 238. A lei ordenará a venda e revenda de combustíveis de petróleo, álcool carburante e outros\ncombustíveis derivados de matérias-primas renováveis, respeitados os princípios desta Constituição.\n\uf24e Art. 239. A arrecadação decorrente das contribuições para o Programa de Integração Social, criado pela Lei\nComplementar nº 7, de 7 de setembro de 1970, e para o Programa de Formação do Patrimônio do Servidor Público,\ncriado pela Lei Complementar nº 8, de 3 de dezembro de 1970, passa, a partir da promulgação desta Constituição, a\nfinanciar, nos termos que a lei dispuser, o programa do seguro-desemprego, outras ações da previdência social e o\nabono de que trata o § 3º deste artigo.\xa0\xa0\xa0\xa0\xa0\xa0\xa0\xa0\xa0 (Redação dada pela Emenda Constitucional nº 103, de 2019)\n§ 1º Dos recursos mencionados no caput, no mínimo 28% (vinte e oito por cento) serão destinados para o\nfinanciamento de programas de desenvolvimento econômico, por meio do Banco Nacional de Desenvolvimento\nEconômico e Social, com critérios de remuneração que preservem o seu valor.\xa0 \xa0\xa0\xa0\xa0\xa0\xa0\xa0 (Redação dada pela Emenda\nConstitucional nº 103, de 2019)\n§ 2º Os patrimônios acumulados do Programa de Integração Social e do Programa ', 'interior poderão ser feitos por embarcações estrangeiras.\xa0\xa0\xa0\xa0\xa0\xa0\xa0\xa0 (Incluído pela\nEmenda Constitucional nº 7, de 1995)\n\uf24e Art. 179. A União, os Estados, o Distrito Federal e os Municípios dispensarão às microempresas e às empresas\nde pequeno porte, assim definidas em lei, tratamento jurídico diferenciado, visando a incentivá-las pela simplificação de\nsuas obrigações administrativas, tributárias, previdenciárias e creditícias, ou pela eliminação ou redução destas por meio\nde lei.\n\uf24e Art. 180. A União, os Estados, o Distrito Federal e os Municípios promoverão e incentivarão o turismo como\nfator de desenvolvimento social e econômico.\n\uf24e Art. 181. O atendimento de requisição de documento ou informação de natureza comercial, feita por autoridade\nadministrativa ou judiciária estrangeira, a pessoa física ou jurídica residente ou domiciliada no País dependerá de\nautorização do Poder competente.\nCAPÍTULO II\nDA POLÍTICA URBANA\n\uf24e Art. 182. A política de desenvolvimento urbano, executada pelo Poder Público municipal, conforme diretrizes\ngerais fixadas em lei, tem por objetivo ordenar o pleno desenvolvimento das funções sociais da cidade e garantir o bem-\nestar de seus habitantes.\xa0\xa0\xa0 \xa0\xa0\xa0\xa0\xa0 \xa0(Regulamento) \xa0\xa0\xa0\xa0\xa0\xa0\xa0 (Vide Lei nº 13.311, de 11 de julho de 2016)\n§ 1º O plano diretor, aprovado pela Câmara Municipal, obrigatório para cidades com mais de vinte mil habitantes, é\no instrumento básico da política de desenvolvimento e de expansão urbana.\n§ 2º ']","Sim, existem regras sobre como a economia do país deve funcionar. De acordo com o Art. 174, o Estado exercerá as funções de fiscalização, incentivo e planejamento, sendo este determinante para o setor público e indicativo para o setor privado. Além disso, o Art. 192 estabelece que o sistema financeiro nacional será regulado por leis complementares que disporão sobre a participação do capital estrangeiro nas instituições que o integram. Também há menção à defesa do meio ambiente, redução das desigualdades regionais e sociais, busca do pleno emprego e tratamento favorecido para as empresas de pequeno porte.","A ordem econômica é fundada na valorização do trabalho humano e na livre iniciativa, com fim de assegurar existência digna conforme a justiça social (Art. 170).",1.0,0.9125589155321487,0.0,0.8333333332916666
Como funciona a aposentadoria de quem trabalha na iniciativa privada?,"['servidores ativos, de aposentados e\nde pensionistas, observados critérios que preservem o equilíbrio financeiro e atuarial.\xa0\xa0\xa0\xa0\xa0\xa0\xa0\xa0\xa0\xa0 (Redação dada pela\nEmenda Constitucional nº 103, de 2019)\n§ 1º O servidor abrangido por regime próprio de previdência social será aposentado: \xa0\xa0\xa0\xa0\xa0\xa0\xa0\xa0\xa0 (Redação dada pela\nEmenda Constitucional nº 103, de 2019)\nI - por incapacidade permanente para o trabalho, no cargo em que estiver investido, quando insuscetível de\nreadaptação, hipótese em que será obrigatória a realização de avaliações periódicas para verificação da continuidade\ndas condições que ensejaram a concessão da aposentadoria, na forma de lei do respectivo ente federativo;\xa0\xa0\xa0\xa0\xa0\xa0\xa0\xa0\xa0\xa0\n(Redação dada pela Emenda Constitucional nº 103, de 2019)\nII - compulsoriamente, com proventos proporcionais ao tempo de contribuição, aos 70 (setenta) anos de idade,\nou aos 75 (setenta e cinco) anos de idade, na forma de lei complementar;\xa0\xa0\xa0\xa0\xa0\xa0\xa0\xa0\xa0\xa0\xa0 \xa0\xa0\xa0\xa0 (Redação dada pela Emenda\nConstitucional nº 88, de 2015)\xa0\xa0\xa0\xa0\xa0\xa0\xa0\xa0 (Vide Lei Complementar nº 152, de 2015)\nIII - no âmbito da União, aos 62 (sessenta e dois) anos de idade, se mulher, e aos 65 (sessenta e cinco) anos\nde idade, se homem, e, no âmbito dos Estados, do Distrito Federal e dos Municípios, na idade mínima estabelecida\nmediante emenda às respectivas Constituições e Leis Orgânicas, observados o tempo de contribuição e os demais\nrequisitos estabelecidos em lei complementar ', '(Redação dada pela Emenda Constitucional nº 103, de 2019)\n§ 13. A aposentadoria concedida ao segurado de que trata o § 12 terá valor de 1 (um) salário-mínimo.\xa0\xa0\xa0\xa0\xa0\xa0 \xa0\n(Redação dada pela Emenda Constitucional nº 103, de 2019)\n§ 14. É vedada a contagem de tempo de contribuição fictício para efeito de concessão dos benefícios\nprevidenciários e de contagem recíproca.\xa0\xa0\xa0\xa0 \xa0\xa0\xa0 (Incluído pela Emenda Constitucional nº 103, de 2019)\n§ 15. Lei complementar estabelecerá vedações, regras e condições para a acumulação de benefícios\nprevidenciários.\xa0\xa0\xa0\xa0 \xa0\xa0\xa0 (Incluído pela Emenda Constitucional nº 103, de 2019)\n§ 16. Os empregados dos consórcios públicos, das empresas públicas, das sociedades de economia mista e\ndas suas subsidiárias serão aposentados compulsoriamente, observado o cumprimento do tempo mínimo de\ncontribuição, ao atingir a idade máxima de que trata o inciso II do § 1º do art. 40, na forma estabelecida em lei.\xa0\xa0\xa0\xa0\n(Incluído pela Emenda Constitucional nº 103, de 2019)\n\uf24e Art. 202. O regime de previdência privada, de caráter complementar e organizado de forma autônoma em\nrelação ao regime geral de previdência social, será facultativo, baseado na constituição de reservas que garantam o\nbenefício contratado, e regulado por lei complementar.\xa0 \xa0 \xa0 \xa0 \xa0 \xa0 \xa0 \xa0 (Redação dada pela Emenda Constitucional nº 20, de\n1998)\xa0\xa0\xa0\xa0\xa0 (Vide Emenda Constitucional nº ', 'ao estabelecido para os servidores titulares de cargos efetivos.\xa0\xa0\xa0\xa0\xa0\xa0\xa0\xa0\xa0\xa0\xa0\xa0\xa0\xa0\xa0 (Incluído\npela Emenda Constitucional nº 41, 19.12.2003)\xa0 (Vide ADIN 3133)\xa0 (Vide ADIN 3143)\xa0\xa0\xa0\xa0\xa0\xa0\xa0\xa0 (Vide ADIN 3184)\n§ 19. Observados critérios a serem estabelecidos em lei do respectivo ente federativo, o servidor titular de cargo\nefetivo que tenha completado as exigências para a aposentadoria voluntária e que opte por permanecer em atividade\npoderá fazer jus a um abono de permanência equivalente, no máximo, ao valor da sua contribuição previdenciária, até\ncompletar a idade para aposentadoria compulsória.\xa0\xa0\xa0\xa0\xa0\xa0\xa0\xa0 \xa0\xa0 (Redação dada pela Emenda Constitucional nº 103, de\n2019)\n§ 20. É vedada a existência de mais de um regime próprio de previdência social e de mais de um órgão ou\nentidade gestora desse regime em cada ente federativo, abrangidos todos os poderes, órgãos e entidades autárquicas\ne fundacionais, que serão responsáveis pelo seu financiamento, observados os critérios, os parâmetros e a natureza\njurídica definidos na lei complementar de que trata o § 22. \xa0\xa0\xa0\xa0\xa0\xa0\xa0\xa0\xa0\xa0 (Redação dada pela Emenda Constitucional nº 103,\nde 2019)\n§ 21. (Revogado).\xa0\xa0\xa0\xa0 (Redação dada pela Emenda Constitucional nº 103, de 2019)\n§ 22. Vedada a instituição de novos regimes próprios de previdência social, lei complementar federal\nestabelecerá, para os que já existam, normas gerais de organização, de funcionamento e de responsabilidade em sua\ngestão, dispondo, ', 'aposentadoria concedida com a utilização de tempo de contribuição decorrente de cargo, emprego ou\nfunção pública, inclusive do Regime Geral de Previdência Social, acarretará o rompimento do vínculo que gerou o\nreferido tempo de contribuição.\xa0\xa0\xa0\xa0\xa0\xa0\xa0\xa0 \xa0 (Incluído pela Emenda Constitucional nº 103, de 2019)\n§ 15. É vedada a complementação de aposentadorias de servidores públicos e de pensões por morte a seus\ndependentes que não seja decorrente do disposto nos §§ 14 a 16 do art. 40 ou que não seja prevista em lei que\nextinga regime próprio de previdência social.\xa0\xa0\xa0\xa0\xa0\xa0\xa0\xa0\xa0\xa0 (Incluído pela Emenda Constitucional nº 103, de 2019)\n§ 16. Os órgãos e entidades da administração pública, individual ou conjuntamente, devem realizar avaliação das\npolíticas públicas, inclusive com divulgação do objeto a ser avaliado e dos resultados alcançados, na forma da lei.\xa0\xa0\xa0\xa0\xa0\xa0\n(Incluído pela Emenda Constitucional nº 109, de 2021)\n\uf24e Art. 38. Ao servidor público da administração direta, autárquica e fundacional, no exercício de mandato eletivo,\naplicam-se as seguintes disposições:\xa0\xa0\xa0\xa0\xa0\xa0\xa0\xa0\xa0\xa0\xa0\xa0\xa0\xa0\xa0 (Redação dada pela Emenda Constitucional nº 19, de 1998)\nI - tratando-se de mandato eletivo federal, estadual ou distrital, ficará afastado de seu cargo, emprego ou função;\nII - investido no mandato de Prefeito, será afastado do cargo, emprego ou função, sendo-lhe facultado optar pela\nsua remuneração;\nIII - investido no mandato ', 'calamidade pública, de guerra externa ou sua\niminência;\nII - no caso de investimento público de caráter urgente e de relevante interesse nacional, observado o disposto no\nart. 150, III, ""b"".\nParágrafo único. A aplicação dos recursos provenientes de empréstimo compulsório será vinculada à despesa que\nfundamentou sua instituição.\n\uf24e Art. 149. Compete exclusivamente à União instituir contribuições sociais, de intervenção no domínio econômico\ne de interesse das categorias profissionais ou econômicas, como instrumento de sua atuação nas respectivas áreas,\nobservado o disposto nos arts. 146, III, e 150, I e III, e sem prejuízo do previsto no art. 195, § 6º, relativamente às\ncontribuições a que alude o dispositivo.\n§ 1º A União, os Estados, o Distrito Federal e os Municípios instituirão, por meio de lei, contribuições para custeio\nde regime próprio de previdência social, cobradas dos servidores ativos, dos aposentados e dos pensionistas, que\npoderão ter alíquotas progressivas de acordo com o valor da base de contribuição ou dos proventos de aposentadoria e\nde pensões.\xa0\xa0\xa0\xa0\xa0\xa0 \xa0\xa0 (Redação dada pela Emenda Constitucional nº 103, de 2019)\xa0\xa0\xa0 (Vigência\n§ 1º-A. Quando houver deficit atuarial, a contribuição ordinária dos aposentados e pensionistas poderá incidir\nsobre o valor dos proventos de aposentadoria e de pensões que supere o salário-mínimo.\xa0\xa0\xa0\xa0\xa0 (Incluído pela Emenda\nConstitucional nº 103, de 2019)\xa0\xa0\xa0 (Vigência)\n§ ']","Não consta. Os trechos fornecidos tratam apenas da aposentadoria de servidores públicos e do regime próprio de previdência social, não mencionando a aposentadoria de quem trabalha na iniciativa privada.","Pelo Regime Geral de Previdência Social, de caráter contributivo e filiação obrigatória, observado o equilíbrio financeiro e atuarial (Art. 201).",1.0,0.0,1.0,0.4499999999775
Quem tem o poder de sugerir uma lei nova no país?,"['emendada na vigência de intervenção federal, de estado de defesa ou de\nestado de sítio.\n§ 2º A proposta será discutida e votada em cada Casa do Congresso Nacional, em dois turnos, considerando-se\naprovada se obtiver, em ambos, três quintos dos votos dos respectivos membros.\n§ 3º A emenda à Constituição será promulgada pelas Mesas da Câmara dos Deputados e do Senado Federal, com\no respectivo número de ordem.\n§ 4º Não será objeto de deliberação a proposta de emenda tendente a abolir:\nI - a forma federativa de Estado;\nII - o voto direto, secreto, universal e periódico;\nIII - a separação dos Poderes;\nIV - os direitos e garantias individuais.\n§ 5º A matéria constante de proposta de emenda rejeitada ou havida por prejudicada não pode ser objeto de nova\nproposta na mesma sessão legislativa.\nSUBSEÇÃO III\nDAS LEIS\n\uf24e Art. 61. A iniciativa das leis complementares e ordinárias cabe a qualquer membro ou Comissão da Câmara\ndos Deputados, do Senado Federal ou do Congresso Nacional, ao Presidente da República, ao Supremo Tribunal\nFederal, aos Tribunais Superiores, ao Procurador-Geral da República e aos cidadãos, na forma e nos casos previstos\nnesta Constituição.\n§ 1º São de iniciativa privativa do Presidente da República as leis que:\nI - fixem ou modifiquem os efetivos das Forças Armadas;\nII - disponham sobre:\na) ', 'nos regimentos das respectivas Casas, serão criadas pela Câmara dos Deputados e\npelo Senado Federal, em conjunto ou separadamente, mediante requerimento de um terço de seus membros, para a\napuração de fato determinado e por prazo certo, sendo suas conclusões, se for o caso, encaminhadas ao Ministério\nPúblico, para que promova a responsabilidade civil ou criminal dos infratores.\n§ 4º Durante o recesso, haverá uma Comissão representativa do Congresso Nacional, eleita por suas Casas na\núltima sessão ordinária do período legislativo, com atribuições definidas no regimento comum, cuja composição\nreproduzirá, quanto possível, a proporcionalidade da representação partidária.\nSEÇÃO VIII\nDO PROCESSO LEGISLATIVO\nSUBSEÇÃO I\nDISPOSIÇÃO GERAL\n\uf24e Art. 59. O processo legislativo compreende a elaboração de:\nI - emendas à Constituição;\nII - leis complementares;\nIII - leis ordinárias;\nIV - leis delegadas;\nV - medidas provisórias;\nVI - decretos legislativos;\nVII - resoluções.\nParágrafo único. Lei complementar disporá sobre a elaboração, redação, alteração e consolidação das leis.\nSUBSEÇÃO II\nDA EMENDA À CONSTITUIÇÃO\n\uf24e Art. 60. A Constituição poderá ser emendada mediante proposta:\nI - de um terço, no mínimo, dos membros da Câmara dos Deputados ou do Senado Federal;\nII - do Presidente da República;\nIII - de mais da metade das Assembléias Legislativas das unidades da Federação, manifestando-se, cada uma\ndelas, pela maioria relativa de seus membros.\n§ 1º A Constituição não poderá ser ', 'criação de cargos, funções ou empregos públicos na administração direta e autárquica ou aumento de sua\nremuneração;\nb) organização administrativa e judiciária, matéria tributária e orçamentária, serviços públicos e pessoal da\nadministração dos Territórios;\nc) servidores públicos da União e Territórios, seu regime jurídico, provimento de cargos, estabilidade e\naposentadoria; \xa0\xa0\xa0\xa0\xa0\xa0\xa0\xa0\xa0\xa0 (Redação dada pela Emenda Constitucional nº 18, de 1998)\nd) organização do Ministério Público e da Defensoria Pública da União, bem como normas gerais para a\norganização do Ministério Público e da Defensoria Pública dos Estados, do Distrito Federal e dos Territórios;\ne) criação e extinção de Ministérios e órgãos da administração pública, observado o disposto no art. 84, VI;\xa0\xa0\xa0\xa0\xa0\xa0\xa0\xa0\xa0\xa0\xa0\xa0\xa0\n(Redação dada pela Emenda Constitucional nº 32, de 2001)\nf) militares das Forças Armadas, seu regime jurídico, provimento de cargos, promoções, estabilidade,\nremuneração, reforma e transferência para a reserva. \xa0\xa0\xa0\xa0\xa0\xa0\xa0\xa0\xa0\xa0\xa0\xa0 (Incluída pela Emenda Constitucional nº 18, de 1998)\n§ 2º A iniciativa popular pode ser exercida pela apresentação à Câmara dos Deputados de projeto de lei subscrito\npor, no mínimo, um por cento do eleitorado nacional, distribuído pelo menos por cinco Estados, com não menos de três\ndécimos por cento dos eleitores de cada um deles.\n\uf24e Art. 62. Em caso de relevância e urgência, o Presidente da República poderá adotar medidas provisórias, com\nforça ', 'e a ação declaratória de\nconstitucionalidade:\xa0\xa0\xa0\xa0\xa0\xa0\xa0\xa0\xa0\xa0\xa0\xa0\xa0\xa0 (Redação dada pela Emenda Constitucional nº 45, de 2004)\xa0\xa0\xa0\xa0 \xa0(Vide Lei nº 13.105, de\n2015) (Vigência)\n\xa0I - o Presidente da República;\nII - a Mesa do Senado Federal;\nIII - a Mesa da Câmara dos Deputados;\nIV - a Mesa de Assembléia Legislativa ou da Câmara Legislativa do Distrito Federal;\xa0\xa0\xa0\xa0\xa0\xa0\xa0\xa0\xa0\xa0\xa0\xa0\xa0\xa0\xa0\xa0 (Redação dada pela\nEmenda Constitucional nº 45, de 2004)\xa0\xa0\xa0\xa0\nV - o Governador de Estado ou do Distrito Federal;\xa0\xa0\xa0\xa0\xa0\xa0\xa0\xa0\xa0\xa0\xa0\xa0 (Redação dada pela Emenda Constitucional nº 45, de\n2004)\nVI - o Procurador-Geral da República;\nVII - o Conselho Federal da Ordem dos Advogados do Brasil;\nVIII - partido político com representação no Congresso Nacional;\nIX - confederação sindical ou entidade de classe de âmbito nacional.\n§ 1º O Procurador-Geral da República deverá ser previamente ouvido nas ações de inconstitucionalidade e em\ntodos os processos de competência do Supremo Tribunal Federal.\n§ 2º Declarada a inconstitucionalidade por omissão de medida para tornar efetiva norma constitucional, será dada\nciência ao Poder competente para a adoção das providências necessárias e, em se tratando de órgão administrativo,\npara fazê-lo em trinta dias.\n§ 3º Quando o Supremo Tribunal Federal apreciar a inconstitucionalidade, em tese, de norma legal ou ato\nnormativo, citará, previamente, o Advogado-Geral da União, que defenderá o ato ou texto impugnado.\n§ 4.º\xa0\xa0\xa0\xa0\xa0\xa0\xa0\xa0\xa0\xa0\xa0\xa0\xa0\xa0 (Revogado pela Emenda ', 'Constitucional nº 85,\nde 2015)\n§ 2º Os Estados, o Distrito Federal e os Municípios legislarão concorrentemente sobre suas\npeculiaridades.\xa0\xa0\xa0\xa0\xa0\xa0\xa0\xa0 \xa0 (Incluído pela Emenda Constitucional nº 85, de 2015)\nCAPÍTULO V\nDA COMUNICAÇÃO SOCIAL\n\uf24e Art. 220. A manifestação do pensamento, a criação, a expressão e a informação, sob qualquer forma, processo\nou veículo não sofrerão qualquer restrição, observado o disposto nesta Constituição.\n§ 1º Nenhuma lei conterá dispositivo que possa constituir embaraço à plena liberdade de informação jornalística\nem qualquer veículo de comunicação social, observado o disposto no art. 5º, IV, V, X, XIII e XIV.\n§ 2º É vedada toda e qualquer censura de natureza política, ideológica e artística.\n§ 3º Compete à lei federal:\nI - regular as diversões e espetáculos públicos, cabendo ao Poder Público informar sobre a natureza deles, as\nfaixas etárias a que não se recomendem, locais e horários em que sua apresentação se mostre inadequada;\nII - estabelecer os meios legais que garantam à pessoa e à família a possibilidade de se defenderem de programas\nou programações de rádio e televisão que contrariem o disposto no art. 221, bem como da propaganda de produtos,\npráticas e serviços que possam ser nocivos à saúde e ao meio ambiente.\n§ 4º A propaganda comercial de tabaco, bebidas alcoólicas, agrotóxicos, medicamentos e terapias ']","De acordo com o Art. 61, a iniciativa das leis complementares e ordinárias cabe a:

- qualquer membro ou Comissão da Câmara dos Deputados, do Senado Federal ou do Congresso Nacional,
- o Presidente da República,
- o Supremo Tribunal Federal,
- os Tribunais Superiores,
- o Procurador-Geral da República,
- os cidadãos, na forma e nos casos previstos nesta Constituição.

Além disso, o Art. 61, § 2º, também menciona a iniciativa popular, que pode ser exercida pela apresentação à Câmara dos Deputados de projeto de lei subscrito por, no mínimo, um por cento do eleitorado nacional, distribuído pelo menos por cinco Estados, com não menos de três décimos por cento dos eleitores de cada um deles.","Qualquer membro ou Comissão da Câmara, do Senado ou do Congresso, o Presidente da República, o STF, os Tribunais Superiores, o Procurador-Geral da República e os cidadãos, nos casos previstos (Art. 61).",0.9230769230769231,0.7755838181363426,1.0,0.99999999995
O que está escrito sobre a preservação da natureza no país?,"['- preservar a diversidade e a integridade do patrimônio genético do País e fiscalizar as entidades dedicadas à\npesquisa e manipulação de material genético;\xa0\xa0\xa0\xa0\xa0\xa0\xa0\xa0\xa0 (Regulamento)\xa0\xa0\xa0(Regulamento) \xa0\xa0\xa0\xa0(Regulamento)\xa0\xa0\xa0\xa0 (Regulamento)\nIII - definir, em todas as unidades da Federação, espaços territoriais e seus componentes a serem especialmente\nprotegidos, sendo a alteração e a supressão permitidas somente através de lei, vedada qualquer utilização que\ncomprometa a integridade dos atributos que justifiquem sua proteção;\xa0\xa0\xa0\xa0\xa0\xa0\xa0\xa0 (Regulamento)\nIV - exigir, na forma da lei, para instalação de obra ou atividade potencialmente causadora de significativa\ndegradação do meio ambiente, estudo prévio de impacto ambiental, a que se dará publicidade;\xa0\xa0\xa0\xa0\xa0\xa0\xa0\xa0\xa0 (Regulamento)\nV - controlar a produção, a comercialização e o emprego de técnicas, métodos e substâncias que comportem risco\npara a vida, a qualidade de vida e o meio ambiente; \xa0 (Regulamento)\nVI - promover a educação ambiental em todos os níveis de ensino e a conscientização pública para a preservação\ndo meio ambiente;\nVII - proteger a fauna e a flora, vedadas, na forma da lei, as práticas que coloquem em risco sua função ecológica,\nprovoquem a extinção de espécies ou submetam os animais a crueldade.\xa0\xa0\xa0\xa0\xa0\xa0\xa0\xa0 (Regulamento)\nVIII - manter regime fiscal favorecido para os biocombustíveis e para o hidrogênio de baixa emissão de carbono,\nna forma de lei complementar, a fim ', 'de assegurar-lhes tributação inferior à incidente sobre os combustíveis fósseis,\ncapaz de garantir diferencial competitivo em relação a estes, especialmente em relação às contribuições de que tratam o\nart. 195, I, ""b"", IV e V, e o art. 239 e aos impostos a que se referem os arts. 155, II, e 156-A.\xa0\xa0\xa0\xa0\xa0\xa0 \xa0(Redação dada pela\nEmenda Constitucional nº 132, de 2023)\n§ 2º Aquele que explorar recursos minerais fica obrigado a recuperar o meio ambiente degradado, de acordo com\nsolução técnica exigida pelo órgão público competente, na forma da lei.\n§ 3º As condutas e atividades consideradas lesivas ao meio ambiente sujeitarão os infratores, pessoas físicas ou\njurídicas, a sanções penais e administrativas, independentemente da obrigação de reparar os danos causados.\n§ 4º A Floresta Amazônica brasileira, a Mata Atlântica, a Serra do Mar, o Pantanal Mato-Grossense e a Zona\nCosteira são patrimônio nacional, e sua utilização far-se-á, na forma da lei, dentro de condições que assegurem a\npreservação do meio ambiente, inclusive quanto ao uso dos recursos naturais.\xa0 (Regulamento) \xa0\xa0\xa0 \xa0\xa0\xa0 (Regulamento)\n§ 5º São indisponíveis as terras devolutas ou arrecadadas pelos Estados, por ações discriminatórias, necessárias\nà proteção dos ecossistemas naturais.\n§ 6º As usinas que operem com reator nuclear deverão ter sua localização definida em lei federal, sem o que ', 'ambientais necessários a seu bem-estar\ne as necessárias a sua reprodução física e cultural, segundo seus usos, costumes e tradições.\n§ 2º As terras tradicionalmente ocupadas pelos índios destinam-se a sua posse permanente, cabendo-lhes o\nusufruto exclusivo das riquezas do solo, dos rios e dos lagos nelas existentes.\n§ 3º O aproveitamento dos recursos hídricos, incluídos os potenciais energéticos, a pesquisa e a lavra das\nriquezas minerais em terras indígenas só podem ser efetivados com autorização do Congresso Nacional, ouvidas as\ncomunidades afetadas, ficando-lhes assegurada participação nos resultados da lavra, na forma da lei.\n§ 4º As terras de que trata este artigo são inalienáveis e indisponíveis, e os direitos sobre elas, imprescritíveis.\n§ 5º É vedada a remoção dos grupos indígenas de suas terras, salvo, ""ad referendum"" do Congresso Nacional, em\ncaso de catástrofe ou epidemia que ponha em risco sua população, ou no interesse da soberania do País, após\ndeliberação do Congresso Nacional, garantido, em qualquer hipótese, o retorno imediato logo que cesse o risco.\n§ 6º São nulos e extintos, não produzindo efeitos jurídicos, os atos que tenham por objeto a ocupação, o domínio e\na posse das terras a que se refere este artigo, ou a exploração das riquezas naturais do solo, dos rios e dos lagos nelas\nexistentes, ', 'defesa do meio ambiente, inclusive mediante tratamento diferenciado conforme o impacto ambiental dos\nprodutos e serviços e de seus processos de elaboração e prestação;\xa0\xa0\xa0\xa0\xa0\xa0\xa0\xa0 (Redação dada pela Emenda Constitucional nº\n42, de 19.12.2003)\nVII - redução das desigualdades regionais e sociais;\nVIII - busca do pleno emprego;\nIX - tratamento favorecido para as empresas de pequeno porte constituídas sob as leis brasileiras e que tenham\nsua sede e administração no País.\xa0\xa0\xa0\xa0\xa0\xa0\xa0\xa0 (Redação dada pela Emenda Constitucional nº 6, de 1995)\nParágrafo único. É assegurado a todos o livre exercício de qualquer atividade econômica, independentemente de\nautorização de órgãos públicos, salvo nos casos previstos em lei.\xa0\xa0\xa0\xa0\xa0\xa0\xa0\xa0\xa0\xa0\xa0 (Vide Lei nº 13.874, de 2019)\n\uf24e Art. 171.\xa0\xa0\xa0\xa0\xa0\xa0\xa0\xa0 (Revogado pela Emenda Constitucional nº 6, de 1995)\n\uf24e Art. 172. A lei disciplinará, com base no interesse nacional, os investimentos de capital estrangeiro, incentivará\nos reinvestimentos e regulará a remessa de lucros.\n\uf24e Art. 173. Ressalvados os casos previstos nesta Constituição, a exploração direta de atividade econômica pelo\nEstado só será permitida quando necessária aos imperativos da segurança nacional ou a relevante interesse coletivo,\nconforme definidos em lei.\n§ 1º A lei estabelecerá o estatuto jurídico da empresa pública, da sociedade de economia mista e de suas\nsubsidiárias que explorem atividade econômica de produção ou comercialização de bens ou de prestação ', 'os do subsolo;\nX - as cavidades naturais subterrâneas e os sítios arqueológicos e pré-históricos;\nXI - as terras tradicionalmente ocupadas pelos índios.\n§ 1º É assegurada, nos termos da lei, à União, aos Estados, ao Distrito Federal e aos Municípios a\nparticipação no resultado da exploração de petróleo ou gás natural, de recursos hídricos para fins de geração de\nenergia elétrica e de outros recursos minerais no respectivo território, plataforma continental, mar territorial ou zona\neconômica exclusiva, ou compensação financeira por essa exploração.\xa0 \xa0 \xa0 \xa0 \xa0 \xa0 \xa0 \xa0 \xa0 (Redação dada pela Emenda\nConstitucional nº 102, de 2019)\xa0\xa0\xa0\xa0\xa0 (Produção de efeito)\n§ 2º A faixa de até cento e cinqüenta quilômetros de largura, ao longo das fronteiras terrestres, designada como\nfaixa de fronteira, é considerada fundamental para defesa do território nacional, e sua ocupação e utilização serão\nreguladas em lei.\n\uf24e Art. 21. Compete à União:\nI - manter relações com Estados estrangeiros e participar de organizações internacionais;\nII - declarar a guerra e celebrar a paz;\nIII - assegurar a defesa nacional;\nIV - permitir, nos casos previstos em lei complementar, que forças estrangeiras transitem pelo território nacional ou\nnele permaneçam temporariamente;\nV - decretar o estado de sítio, o estado de defesa e a intervenção federal;\nVI - autorizar e fiscalizar a produção ']","De acordo com os trechos fornecidos, sobre a preservação da natureza no país, está escrito que:

- É necessário preservar a diversidade e a integridade do patrimônio genético do País e fiscalizar as entidades dedicadas à pesquisa e manipulação de material genético (III);
- Devem ser definidos espaços territoriais e seus componentes a serem especialmente protegidos, sendo a alteração e a supressão permitidas somente através de lei (III);
- É necessário exigir, na forma da lei, para instalação de obra ou atividade potencialmente causadora de significativa degradação do meio ambiente, estudo prévio de impacto ambiental (IV);
- Deve-se controlar a produção, a comercialização e o emprego de técnicas, métodos e substâncias que comportem risco para a vida, a qualidade de vida e o meio ambiente (V);
- É necessário promover a educação ambiental em todos os níveis de ensino e a conscientização pública para a preservação do meio ambiente (VI);
- Deve-se proteger a fauna e a flora, vedadas, na forma da lei, as práticas que coloquem em risco sua função ecológica, provoquem a extinção de espécies ou submetam os animais a crueldade (VII);
- A Floresta Amazônica brasileira, a Mata Atlântica, a Serra do Mar, o Pantanal Mato-Grossense e a Zona Costeira são patrimônio nacional, e sua utilização far-se-á, na forma da lei, dentro de condições que assegurem a preservação do meio ambiente (§ 4º);
- As terras devolutas ou arrecadadas pelos Estados, por ações discriminatórias, necessárias à proteção dos ecossistemas naturais, são indisponíveis (§ 5º).","Todos têm direito ao meio ambiente ecologicamente equilibrado, bem de uso comum do povo, e o poder público e a coletividade têm o dever de defendê-lo e preservá-lo (Art. 225).",1.0,0.8412635137827843,0.0,0.49999999995
Tem algum caso em que o governo não pode cobrar imposto?,"['forma do disposto no caput e no § 1º, assegurada a igualdade de\ntratamento em relação às aquisições internas.\xa0\xa0\xa0\xa0 (Incluído pela Emenda Constitucional nº 132, de 2023)\nSEÇÃO II\nDAS LIMITAÇÕES DO PODER DE TRIBUTAR\n\uf24e Art. 150. Sem prejuízo de outras garantias asseguradas ao contribuinte, é vedado à União, aos Estados, ao\nDistrito Federal e aos Municípios:\nI - exigir ou aumentar tributo sem lei que o estabeleça;\nII - instituir tratamento desigual entre contribuintes que se encontrem em situação equivalente, proibida qualquer\ndistinção em razão de ocupação profissional ou função por eles exercida, independentemente da denominação jurídica\ndos rendimentos, títulos ou direitos;\nIII - cobrar tributos:\na) em relação a fatos geradores ocorridos antes do início da vigência da lei que os houver instituído ou aumentado;\nb) no mesmo exercício financeiro em que haja sido publicada a lei que os instituiu ou aumentou;\xa0\xa0 (Vide Emenda\nConstitucional nº 3, de 1993)\nc) antes de decorridos noventa dias da data em que haja sido publicada a lei que os instituiu ou aumentou,\nobservado o disposto na alínea b;\xa0\xa0\xa0\xa0\xa0\xa0\xa0\xa0 (Incluído pela Emenda Constitucional nº 42, de 19.12.2003)\nIV - utilizar tributo com efeito de confisco;\nV - estabelecer limitações ao tráfego de pessoas ou bens, por meio de tributos interestaduais ou intermunicipais,\nressalvada a cobrança de pedágio pela utilização ', 'federal, estadual\nou municipal, que regule exclusivamente as matérias acima enumeradas ou o correspondente tributo ou contribuição,\nsem prejuízo do disposto no art. 155, § 2.º, XII, g.\xa0\xa0\xa0\xa0\xa0\xa0\xa0\xa0 (Redação dada pela Emenda Constitucional nº 3, de 1993)\n§ 7º A lei poderá atribuir a sujeito passivo de obrigação tributária a condição de responsável pelo pagamento de\nimposto ou contribuição, cujo fato gerador deva ocorrer posteriormente, assegurada a imediata e preferencial restituição\nda quantia paga, caso não se realize o fato gerador presumido.\xa0\xa0\xa0\xa0\xa0\xa0\xa0\xa0 (Incluído pela Emenda Constitucional nº 3, de 1993)\n\uf24e Art. 151. É vedado à União:\nI - instituir tributo que não seja uniforme em todo o território nacional ou que implique distinção ou preferência em\nrelação a Estado, ao Distrito Federal ou a Município, em detrimento de outro, admitida a concessão de incentivos fiscais\ndestinados a promover o equilíbrio do desenvolvimento sócio-econômico entre as diferentes regiões do País;\nII - tributar a renda das obrigações da dívida pública dos Estados, do Distrito Federal e dos Municípios, bem como\na remuneração e os proventos dos respectivos agentes públicos, em níveis superiores aos que fixar para suas\nobrigações e para seus agentes;\nIII - instituir isenções de tributos da competência dos Estados, do Distrito Federal ou dos Municípios.\n\uf24e Art. 152. É vedado aos ', '1% (um por cento) do valor de mercado do produto.\xa0\xa0\xa0\xa0\xa0 (Incluído pela Emenda Constitucional nº 132, de\n2023)\n\uf24e Art. 154. A União poderá instituir:\nI - mediante lei complementar, impostos não previstos no artigo anterior, desde que sejam não-cumulativos e não\ntenham fato gerador ou base de cálculo próprios dos discriminados nesta Constituição;\nII - na iminência ou no caso de guerra externa, impostos extraordinários, compreendidos ou não em sua\ncompetência tributária, os quais serão suprimidos, gradativamente, cessadas as causas de sua criação.\nSEÇÃO IV\nDOS IMPOSTOS DOS ESTADOS E DO DISTRITO FEDERAL\n\uf24e Art. 155. Compete aos Estados e ao Distrito Federal instituir impostos sobre:\xa0 \xa0 \xa0 \xa0 \xa0 \xa0 \xa0 \xa0 (Redação dada pela\nEmenda Constitucional nº 3, de 1993)\nI - transmissão causa mortis e doação, de quaisquer bens ou direitos;\xa0 \xa0 \xa0 \xa0 \xa0 \xa0 \xa0 \xa0 (Redação dada pela Emenda\nConstitucional nº 3, de 1993)\nII - operações relativas à circulação de mercadorias e sobre prestações de serviços de transporte interestadual e\nintermunicipal e de comunicação, ainda que as operações e as prestações se iniciem no exterior;\xa0\xa0\xa0\xa0\xa0\xa0\xa0\xa0 (Redação dada\npela Emenda Constitucional nº 3, de 1993)\xa0 (Vide Emenda Constitucional nº 132, de 2023)\xa0 Vigência\nIII - propriedade de veículos automotores.\xa0\xa0\xa0\xa0\xa0\xa0\xa0\xa0 (Redação dada pela Emenda Constitucional nº 3, de 1993)\n§ 1º ', 'de vias conservadas pelo Poder Público;\nVI - instituir impostos sobre:\xa0\xa0 (Vide Emenda Constitucional nº 3, de 1993)\na) patrimônio, renda ou serviços, uns dos outros;\nb) entidades religiosas e templos de qualquer culto, inclusive suas organizações assistenciais e beneficentes;\xa0\xa0\xa0\xa0\xa0\n(Redação dada pela Emenda Constitucional nº 132, de 2023)\nc) patrimônio, renda ou serviços dos partidos políticos, inclusive suas fundações, das entidades sindicais dos\ntrabalhadores, das instituições de educação e de assistência social, sem fins lucrativos, atendidos os requisitos da lei;\nd) livros, jornais, periódicos e o papel destinado a sua impressão.\ne) fonogramas e videofonogramas musicais produzidos no Brasil contendo obras musicais ou literomusicais de\nautores brasileiros e/ou obras em geral interpretadas por artistas brasileiros bem como os suportes materiais ou\narquivos digitais que os contenham, salvo na etapa de replicação industrial de mídias ópticas de leitura a laser.\xa0\xa0\xa0\xa0\xa0\xa0\xa0\xa0\n(Incluída pela Emenda Constitucional nº 75, de 15.10.2013)\n§ 1º A vedação do inciso III, b, não se aplica aos tributos previstos nos arts. 148, I, 153, I, II, IV e V; e 154, II; e a\nvedação do inciso III, c, não se aplica aos tributos previstos nos arts. 148, I, 153, I, II, III e V; e 154, II, nem à fixação da\nbase de cálculo dos impostos previstos nos arts. 155, ', 'Estados, ao Distrito Federal e aos Municípios estabelecer diferença tributária entre\nbens e serviços, de qualquer natureza, em razão de sua procedência ou destino.\nSEÇÃO III\nDOS IMPOSTOS DA UNIÃO\n\uf24e Art. 153. Compete à União instituir impostos sobre:\nI - importação de produtos estrangeiros;\nII - exportação, para o exterior, de produtos nacionais ou nacionalizados;\nIII - renda e proventos de qualquer natureza;\nIV - produtos industrializados;\nV - operações de crédito, câmbio e seguro, ou relativas a títulos ou valores mobiliários;\nVI - propriedade territorial rural;\nVII - grandes fortunas, nos termos de lei complementar.\nVIII - produção, extração, comercialização ou importação de bens e serviços prejudiciais à saúde ou ao meio\nambiente, nos termos de lei complementar.\xa0\xa0\xa0\xa0 (Incluído pela Emenda Constitucional nº 132, de 2023)\n§ 1º É facultado ao Poder Executivo, atendidas as condições e os limites estabelecidos em lei, alterar as alíquotas\ndos impostos enumerados nos incisos I, II, IV e V.\n§ 2º O imposto previsto no inciso III:\nI - será informado pelos critérios da generalidade, da universalidade e da progressividade, na forma da lei;\nII -\xa0\xa0\xa0\xa0\xa0\xa0\xa0\xa0\xa0 \xa0 (Revogado pela Emenda Constitucional nº 20, de 1998)\n§ 3º O imposto previsto no inciso IV:\nI - será seletivo, em função da essencialidade do produto;\nII - será não-cumulativo, compensando-se o que for devido em ']","Sim, existem vários casos em que o governo não pode cobrar imposto, de acordo com os trechos fornecidos. Alguns exemplos incluem:

- Não pode exigir ou aumentar tributo sem lei que o estabeleça (Art. 150, I);
- Não pode instituir tratamento desigual entre contribuintes que se encontrem em situação equivalente (Art. 150, II);
- Não pode cobrar tributos em relação a fatos geradores ocorridos antes do início da vigência da lei que os houver instituído ou aumentado (Art. 150, III, a);
- Não pode cobrar tributos no mesmo exercício financeiro em que haja sido publicada a lei que os instituiu ou aumentou (Art. 150, III, b);
- Não pode cobrar tributos antes de decorridos noventa dias da data em que haja sido publicada a lei que os instituiu ou aumentou (Art. 150, III, c);
- Não pode utilizar tributo com efeito de confisco (Art. 150, IV);
- Não pode estabelecer limitações ao tráfego de pessoas ou bens, por meio de tributos interestaduais ou intermunicipais (Art. 150, V);
- Não pode instituir isenções de tributos da competência dos Estados, do Distrito Federal ou dos Municípios (Art. 151, III);
- Não pode tributar a renda das obrigações da dívida pública dos Estados, do Distrito Federal e dos Municípios, bem como a remuneração e os proventos dos respectivos agentes públicos, em níveis superiores aos que fixar para suas obrigações e para seus agentes (Art. 151, II);
- Não pode instituir impostos sobre patrimônio, renda ou serviços, uns dos outros (Art. 155, § 2º, VI, a);
- Não pode instituir impostos sobre entidades religiosas e templos de qualquer culto, inclusive suas organizações assistenciais e beneficentes (Art. 155, § 2º, VI, b);
- Não pode instituir impostos sobre patrimônio, renda ou serviços dos partidos políticos","A Constituição veda à União, Estados, DF e Municípios cobrar tributos em diversas hipóteses de imunidade e limitação ao poder de tributar (Art. 150).",0.9166666666666666,0.9603897615745298,1.0,0.8874999999778125
Quais direitos sociais os trabalhadores têm e quem garante saúde para todo mundo?,"['preverá indenização compensatória, dentre outros direitos;\nII - seguro-desemprego, em caso de desemprego involuntário;\nIII - fundo de garantia do tempo de serviço;\nIV - salário mínimo , fixado em lei, nacionalmente unificado, capaz de atender a suas necessidades vitais básicas e\nàs de sua família com moradia, alimentação, educação, saúde, lazer, vestuário, higiene, transporte e previdência social,\ncom reajustes periódicos que lhe preservem o poder aquisitivo, sendo vedada sua vinculação para qualquer fim;\nV - piso salarial proporcional à extensão e à complexidade do trabalho;\nVI - irredutibilidade do salário, salvo o disposto em convenção ou acordo coletivo;\nVII - garantia de salário, nunca inferior ao mínimo, para os que percebem remuneração variável;\nVIII - décimo terceiro salário com base na remuneração integral ou no valor da aposentadoria;\nIX – remuneração do trabalho noturno superior à do diurno;\nX - proteção do salário na forma da lei, constituindo crime sua retenção dolosa;\nXI – participação nos lucros, ou resultados, desvinculada da remuneração, e, excepcionalmente, participação na\ngestão da empresa, conforme definido em lei;\nXII - salário-família pago em razão do dependente do trabalhador de baixa renda nos termos da lei; \xa0\xa0\xa0\xa0\xa0\xa0\xa0\xa0\xa0\xa0\xa0\xa0\xa0\xa0\n(Redação dada pela Emenda Constitucional nº 20, de 1998)\nXIII - duração do trabalho normal não superior a oito horas diárias e quarenta e ', 'valor dos benefícios;\nV - eqüidade na forma de participação no custeio;\nVI - diversidade da base de financiamento, identificando-se, em rubricas contábeis específicas para cada área,\nas receitas e as despesas vinculadas a ações de saúde, previdência e assistência social, preservado o caráter\ncontributivo da previdência social;\xa0\xa0\xa0\xa0\xa0\xa0\xa0\xa0 \xa0 (Redação dada pela Emenda Constitucional nº 103, de 2019)\nVII - caráter democrático e descentralizado da administração, mediante gestão quadripartite, com participação dos\ntrabalhadores, dos empregadores, dos aposentados e do Governo nos órgãos colegiados.\xa0\xa0\xa0\xa0\xa0\xa0\xa0\xa0 (Redação dada pela\nEmenda Constitucional nº 20, de 1998)\n\uf24e Art. 195. A seguridade social será financiada por toda a sociedade, de forma direta e indireta, nos termos da\nlei, mediante recursos provenientes dos orçamentos da União, dos Estados, do Distrito Federal e dos Municípios, e das\nseguintes contribuições sociais:\xa0\xa0\xa0\xa0 (Vide Emenda Constitucional nº 20, de 1998)\nI - do empregador, da empresa e da entidade a ela equiparada na forma da lei, incidentes sobre:\xa0\xa0\xa0\xa0\xa0\xa0\xa0\xa0 (Redação\ndada pela Emenda Constitucional nº 20, de 1998)\na) a folha de salários e demais rendimentos do trabalho pagos ou creditados, a qualquer título, à pessoa física que\nlhe preste serviço, mesmo sem vínculo empregatício;\xa0\xa0\xa0\xa0\xa0\xa0\xa0\xa0 (Incluído pela Emenda Constitucional nº 20, de 1998)\nb) a receita ou o faturamento;\xa0\xa0\xa0\xa0\xa0\xa0\xa0\xa0 (Incluído pela Emenda Constitucional nº 20, de ', 'nº 40, de 2003)\nVIII - (Revogado)\xa0\xa0\xa0\xa0\xa0\xa0\xa0\xa0 (Redação dada pela Emenda Constitucional nº 40, de 2003)\n§ 1°- (Revogado)\xa0\xa0\xa0\xa0\xa0\xa0\xa0\xa0 (Redação dada pela Emenda Constitucional nº 40, de 2003)\n§ 2°- (Revogado)\xa0\xa0\xa0\xa0\xa0\xa0\xa0\xa0 (Redação dada pela Emenda Constitucional nº 40, de 2003)\n§ 3°- (Revogado)\xa0\xa0\xa0\xa0\xa0\xa0\xa0\xa0 (Redação dada pela Emenda Constitucional nº 40, de 2003)\nTÍTULO VIII\nDA ORDEM SOCIAL\nCAPÍTULO I\nDISPOSIÇÃO GERAL\n\uf24e Art. 193. A ordem social tem como base o primado do trabalho, e como objetivo o bem-estar e a justiça sociais.\nParágrafo único. O Estado exercerá a função de planejamento das políticas sociais, assegurada, na forma da lei, a\nparticipação da sociedade nos processos de formulação, de monitoramento, de controle e de avaliação dessas\npolíticas.\xa0\xa0\xa0\xa0\xa0 (Incluído pela Emenda Constitucional nº 108, de 2020)\nCAPÍTULO II\nDA SEGURIDADE SOCIAL\nSEÇÃO I\nDISPOSIÇÕES GERAIS\n\uf24e Art. 194. A seguridade social compreende um conjunto integrado de ações de iniciativa dos Poderes Públicos e\nda sociedade, destinadas a assegurar os direitos relativos à saúde, à previdência e à assistência social.\nParágrafo único. Compete ao Poder Público, nos termos da lei, organizar a seguridade social, com base nos\nseguintes objetivos:\nI - universalidade da cobertura e do atendimento;\nII - uniformidade e equivalência dos benefícios e serviços às populações urbanas e rurais;\nIII - seletividade e distributividade na prestação dos benefícios e serviços;\nIV - irredutibilidade do ', 'em dois turnos, por três quintos dos votos dos respectivos membros, serão equivalentes às\nemendas constitucionais.\xa0\xa0\xa0\xa0\xa0\xa0\xa0\xa0\xa0\xa0\xa0 (Incluído pela Emenda Constitucional nº 45, de 2004)\xa0\xa0\xa0\xa0\xa0 (Vide ADIN 3392)\xa0\xa0\xa0\xa0\xa0 (Vide Atos\ndecorrentes do disposto no § 3º do art. 5º da Constituição)\xa0\n§ 4º O Brasil se submete à jurisdição de Tribunal Penal Internacional a cuja criação tenha manifestado\nadesão.\xa0\xa0\xa0\xa0\xa0\xa0\xa0\xa0\xa0\xa0\xa0\xa0\xa0\xa0 (Incluído pela Emenda Constitucional nº 45, de 2004)\nCAPÍTULO II\nDOS DIREITOS SOCIAIS\n\uf24e Art. 6º São direitos sociais a educação, a saúde, a alimentação, o trabalho, a moradia, o transporte, o lazer, a\nsegurança, a previdência social, a proteção à maternidade e à infância, a assistência aos desamparados, na forma desta\nConstituição.\xa0\xa0\xa0\xa0\xa0\xa0\xa0\xa0\xa0\xa0\xa0\xa0\xa0\xa0\xa0 (Redação dada pela Emenda Constitucional nº 90, de 2015)\nParágrafo único. Todo brasileiro em situação de vulnerabilidade social terá direito a uma renda básica familiar,\ngarantida pelo poder público em programa permanente de transferência de renda, cujas normas e requisitos de acesso\nserão determinados em lei, observada a legislação fiscal e orçamentária.\xa0\xa0\xa0\xa0\xa0\xa0\xa0 (Incluído pela Emenda Constitucional nº\n114, de 2021)\xa0\xa0\xa0\xa0 (Vide Lei nº 14.601, de 2023)\n\uf24e Art. 7º São direitos dos trabalhadores urbanos e rurais, além de outros que visem à melhoria de sua condição\nsocial:\nI - relação de emprego protegida contra despedida arbitrária ou sem justa causa, nos termos de lei complementar,\nque ', '(Redação dada pela\nEmenda Constitucional nº 20, de 1998)\nXXXIV - igualdade de direitos entre o trabalhador com vínculo empregatício permanente e o trabalhador avulso.\nParágrafo único. São assegurados à categoria dos trabalhadores domésticos os direitos previstos nos incisos IV,\nVI, VII, VIII, X, XIII, XV, XVI, XVII, XVIII, XIX, XXI, XXII, XXIV, XXVI, XXX, XXXI e XXXIII e, atendidas as condições\nestabelecidas em lei e observada a simplificação do cumprimento das obrigações tributárias, principais e acessórias,\ndecorrentes da relação de trabalho e suas peculiaridades, os previstos nos incisos I, II, III, IX, XII, XXV e XXVIII, bem\ncomo a sua integração à previdência social.\xa0\xa0\xa0\xa0\xa0\xa0\xa0\xa0\xa0\xa0\xa0 \xa0 (Redação dada pela Emenda Constitucional nº 72, de 2013)\n\uf24e Art. 8º É livre a associação profissional ou sindical, observado o seguinte:\nI - a lei não poderá exigir autorização do Estado para a fundação de sindicato, ressalvado o registro no órgão\ncompetente, vedadas ao Poder Público a interferência e a intervenção na organização sindical;\nII - é vedada a criação de mais de uma organização sindical, em qualquer grau, representativa de categoria\nprofissional ou econômica, na mesma base territorial, que será definida pelos trabalhadores ou empregadores\ninteressados, não podendo ser inferior à área de um Município;\nIII - ao sindicato cabe a defesa dos direitos e interesses ']","Os trabalhadores têm direitos sociais como: relação de emprego protegida, seguro-desemprego, fundo de garantia do tempo de serviço, salário mínimo, piso salarial, irredutibilidade do salário, garantia de salário, décimo terceiro salário, remuneração do trabalho noturno, proteção do salário, participação nos lucros, salário-família, duração do trabalho normal não superior a oito horas diárias e quarenta e quatro semanais.

A saúde para todo mundo é garantida pelo Estado, nos termos da lei, como parte da seguridade social, que compreende um conjunto integrado de ações de iniciativa dos Poderes Públicos e da sociedade, destinadas a assegurar os direitos relativos à saúde, à previdência e à assistência social.","São direitos sociais educação, saúde, alimentação, trabalho, moradia, entre outros (Art. 6); a saúde é direito de todos e dever do Estado (Art. 196); e os trabalhadores urbanos e rurais têm direitos específicos (Art. 7).",1.0,0.9017922237943404,1.0,0.8055555555287036
Quem é responsável por cuidar da saúde pública e proteger o meio ambiente ao mesmo tempo?,"['da lei:\nI - controlar e fiscalizar procedimentos, produtos e substâncias de interesse para a saúde e participar da produção\nde medicamentos, equipamentos, imunobiológicos, hemoderivados e outros insumos;\nII - executar as ações de vigilância sanitária e epidemiológica, bem como as de saúde do trabalhador;\nIII - ordenar a formação de recursos humanos na área de saúde;\nIV - participar da formulação da política e da execução das ações de saneamento básico;\nV - incrementar, em sua área de atuação, o desenvolvimento científico e tecnológico e a inovação;\xa0 \xa0 \xa0 \xa0 \xa0 \xa0 \xa0 \xa0\n(Redação dada pela Emenda Constitucional nº 85, de 2015)\nVI - fiscalizar e inspecionar alimentos, compreendido o controle de seu teor nutricional, bem como bebidas e águas\npara consumo humano;\nVII - participar do controle e fiscalização da produção, transporte, guarda e utilização de substâncias e produtos\npsicoativos, tóxicos e radioativos;\nVIII - colaborar na proteção do meio ambiente, nele compreendido o do trabalho.\nSEÇÃO III\nDA PREVIDÊNCIA SOCIAL\n\uf24e Art. 201. A previdência social será organizada sob a forma do Regime Geral de Previdência Social, de\ncaráter contributivo e de filiação obrigatória, observados critérios que preservem o equilíbrio financeiro e atuarial, e\natenderá, na forma da lei, a:\xa0\xa0\xa0\xa0\xa0\xa0 \xa0\xa0 (Redação dada pela Emenda Constitucional nº 103, de 2019)\nI - cobertura dos ', '- preservar a diversidade e a integridade do patrimônio genético do País e fiscalizar as entidades dedicadas à\npesquisa e manipulação de material genético;\xa0\xa0\xa0\xa0\xa0\xa0\xa0\xa0\xa0 (Regulamento)\xa0\xa0\xa0(Regulamento) \xa0\xa0\xa0\xa0(Regulamento)\xa0\xa0\xa0\xa0 (Regulamento)\nIII - definir, em todas as unidades da Federação, espaços territoriais e seus componentes a serem especialmente\nprotegidos, sendo a alteração e a supressão permitidas somente através de lei, vedada qualquer utilização que\ncomprometa a integridade dos atributos que justifiquem sua proteção;\xa0\xa0\xa0\xa0\xa0\xa0\xa0\xa0 (Regulamento)\nIV - exigir, na forma da lei, para instalação de obra ou atividade potencialmente causadora de significativa\ndegradação do meio ambiente, estudo prévio de impacto ambiental, a que se dará publicidade;\xa0\xa0\xa0\xa0\xa0\xa0\xa0\xa0\xa0 (Regulamento)\nV - controlar a produção, a comercialização e o emprego de técnicas, métodos e substâncias que comportem risco\npara a vida, a qualidade de vida e o meio ambiente; \xa0 (Regulamento)\nVI - promover a educação ambiental em todos os níveis de ensino e a conscientização pública para a preservação\ndo meio ambiente;\nVII - proteger a fauna e a flora, vedadas, na forma da lei, as práticas que coloquem em risco sua função ecológica,\nprovoquem a extinção de espécies ou submetam os animais a crueldade.\xa0\xa0\xa0\xa0\xa0\xa0\xa0\xa0 (Regulamento)\nVIII - manter regime fiscal favorecido para os biocombustíveis e para o hidrogênio de baixa emissão de carbono,\nna forma de lei complementar, a fim ', 'desenvolvimento e do bem-estar em âmbito nacional.\xa0\xa0\xa0\xa0\xa0\xa0\xa0\xa0\xa0\xa0\xa0\xa0\n(Redação dada pela Emenda Constitucional nº 53, de 2006)\n\uf24e Art. 24. Compete à União, aos Estados e ao Distrito Federal legislar concorrentemente sobre:\nI - direito tributário, financeiro, penitenciário, econômico e urbanístico;\xa0\xa0\xa0\xa0\xa0\xa0\xa0\xa0 \xa0 (Vide Lei nº 13.874, de 2019)\nII - orçamento;\nIII - juntas comerciais;\nIV - custas dos serviços forenses;\nV - produção e consumo;\nVI - florestas, caça, pesca, fauna, conservação da natureza, defesa do solo e dos recursos naturais, proteção do\nmeio ambiente e controle da poluição;\nVII - proteção ao patrimônio histórico, cultural, artístico, turístico e paisagístico;\nVIII - responsabilidade por dano ao meio ambiente, ao consumidor, a bens e direitos de valor artístico, estético,\nhistórico, turístico e paisagístico;\nIX - educação, cultura, ensino, desporto, ciência, tecnologia, pesquisa, desenvolvimento e inovação;\xa0\xa0\xa0\xa0\xa0\xa0\xa0\xa0\xa0\xa0\xa0\xa0\xa0\xa0\xa0\n(Redação dada pela Emenda Constitucional nº 85, de 2015)\nX - criação, funcionamento e processo do juizado de pequenas causas;\nXI - procedimentos em matéria processual;\nXII - previdência social, proteção e defesa da saúde;\xa0\xa0\xa0\xa0\xa0\xa0 (Vide ADPF 672)\nXIII - assistência jurídica e Defensoria pública;\nXIV - proteção e integração social das pessoas portadoras de deficiência;\nXV - proteção à infância e à juventude;\nXVI - organização, garantias, direitos e deveres das polícias civis.\n§ 1º No âmbito da legislação concorrente, a competência da União limitar-se-á a estabelecer ', 'defesa do meio ambiente, inclusive mediante tratamento diferenciado conforme o impacto ambiental dos\nprodutos e serviços e de seus processos de elaboração e prestação;\xa0\xa0\xa0\xa0\xa0\xa0\xa0\xa0 (Redação dada pela Emenda Constitucional nº\n42, de 19.12.2003)\nVII - redução das desigualdades regionais e sociais;\nVIII - busca do pleno emprego;\nIX - tratamento favorecido para as empresas de pequeno porte constituídas sob as leis brasileiras e que tenham\nsua sede e administração no País.\xa0\xa0\xa0\xa0\xa0\xa0\xa0\xa0 (Redação dada pela Emenda Constitucional nº 6, de 1995)\nParágrafo único. É assegurado a todos o livre exercício de qualquer atividade econômica, independentemente de\nautorização de órgãos públicos, salvo nos casos previstos em lei.\xa0\xa0\xa0\xa0\xa0\xa0\xa0\xa0\xa0\xa0\xa0 (Vide Lei nº 13.874, de 2019)\n\uf24e Art. 171.\xa0\xa0\xa0\xa0\xa0\xa0\xa0\xa0 (Revogado pela Emenda Constitucional nº 6, de 1995)\n\uf24e Art. 172. A lei disciplinará, com base no interesse nacional, os investimentos de capital estrangeiro, incentivará\nos reinvestimentos e regulará a remessa de lucros.\n\uf24e Art. 173. Ressalvados os casos previstos nesta Constituição, a exploração direta de atividade econômica pelo\nEstado só será permitida quando necessária aos imperativos da segurança nacional ou a relevante interesse coletivo,\nconforme definidos em lei.\n§ 1º A lei estabelecerá o estatuto jurídico da empresa pública, da sociedade de economia mista e de suas\nsubsidiárias que explorem atividade econômica de produção ou comercialização de bens ou de prestação ', '672)\nIII - proteger os documentos, as obras e outros bens de valor histórico, artístico e cultural, os monumentos, as\npaisagens naturais notáveis e os sítios arqueológicos;\nIV - impedir a evasão, a destruição e a descaracterização de obras de arte e de outros bens de valor histórico,\nartístico ou cultural;\nV -\xa0 proporcionar os meios de acesso à cultura, à educação, à ciência, à tecnologia, à pesquisa e à\ninovação;\xa0\xa0\xa0\xa0\xa0\xa0\xa0\xa0\xa0\xa0\xa0\xa0\xa0\xa0 (Redação dada pela Emenda Constitucional nº 85, de 2015)\nVI - proteger o meio ambiente e combater a poluição em qualquer de suas formas;\nVII - preservar as florestas, a fauna e a flora;\nVIII - fomentar a produção agropecuária e organizar o abastecimento alimentar;\nIX - promover programas de construção de moradias e a melhoria das condições habitacionais e de saneamento\nbásico;\xa0\xa0\xa0\xa0\xa0\xa0\xa0 (Vide ADPF 672)\nX - combater as causas da pobreza e os fatores de marginalização, promovendo a integração social dos setores\ndesfavorecidos;\nXI - registrar, acompanhar e fiscalizar as concessões de direitos de pesquisa e exploração de recursos hídricos e\nminerais em seus territórios;\nXII - estabelecer e implantar política de educação para a segurança do trânsito.\nParágrafo único. Leis complementares fixarão normas para a cooperação entre a União e os Estados, o Distrito\nFederal e os Municípios, tendo em vista o equilíbrio do ']","A União, os Estados e o Distrito Federal, conforme o Art. 24, que estabelece a competência concorrente para legislar sobre direitos relacionados à saúde e ao meio ambiente. Além disso, o Art. 200 da lei (não totalmente transcrito) também menciona a responsabilidade do Sistema Único de Saúde (SUS) em relação à saúde, e os incisos VI e VIII do mesmo artigo mencionam a fiscalização de alimentos, águas e a colaboração na proteção do meio ambiente.","É competência comum da União, Estados, DF e Municípios cuidar da saúde e proteger o meio ambiente (Art. 23), complementada pelo dever do Estado com a saúde (Art. 196) e a preservação ambiental (Art. 225).",0.5555555555555556,0.7631483906292992,1.0,0.8666666666377778
Como o Brasil garante o acesso à escola e quem tem esse direito garantido de forma mais ampla?,"['para os profissionais da educação escolar pública, nos termos de lei\nfederal.\xa0\xa0\xa0\xa0\xa0\xa0\xa0\xa0 (Incluído pela Emenda Constitucional nº 53, de 2006)\nIX - garantia do direito à educação e à aprendizagem ao longo da vida.\xa0\xa0\xa0\xa0\xa0\xa0 (Incluído pela Emenda Constitucional\nnº 108, de 2020)\nParágrafo único. A lei disporá sobre as categorias de trabalhadores considerados profissionais da educação básica\ne sobre a fixação de prazo para a elaboração ou adequação de seus planos de carreira, no âmbito da União, dos\nEstados, do Distrito Federal e dos Municípios.\xa0\xa0\xa0\xa0\xa0\xa0\xa0\xa0 (Incluído pela Emenda Constitucional nº 53, de 2006)\n\uf24e Art. 207. As universidades gozam de autonomia didático-científica, administrativa e de gestão financeira e\npatrimonial, e obedecerão ao princípio de indissociabilidade entre ensino, pesquisa e extensão.\n§ 1º É facultado às universidades admitir professores, técnicos e cientistas estrangeiros, na forma da lei.\xa0\xa0\xa0\xa0\xa0\xa0\xa0\n\xa0(Incluído pela Emenda Constitucional nº 11, de 1996)\n§ 2º O disposto neste artigo aplica-se às instituições de pesquisa científica e tecnológica.\xa0\xa0\xa0\xa0\xa0\xa0\xa0\xa0 (Incluído pela\nEmenda Constitucional nº 11, de 1996)\n\uf24e Art. 208. O dever do Estado com a educação será efetivado mediante a garantia de:\nI - educação básica obrigatória e gratuita dos 4 (quatro) aos 17 (dezessete) anos de idade, assegurada inclusive\nsua oferta gratuita para todos os que a ela não tiveram acesso na idade própria;\xa0\xa0\xa0\xa0\xa0\xa0\xa0\xa0 ', '(Redação dada pela Emenda\nConstitucional nº 59, de 2009) (Vide Emenda Constitucional nº 59, de 2009)\nII - progressiva universalização do ensino médio gratuito;\xa0\xa0\xa0\xa0\xa0\xa0\xa0\xa0 (Redação dada pela Emenda Constitucional nº 14,\nde 1996)\nIII - atendimento educacional especializado aos portadores de deficiência, preferencialmente na rede regular de\nensino;\nIV - educação infantil, em creche e pré-escola, às crianças até 5 (cinco) anos de idade;\xa0\xa0\xa0\xa0\xa0\xa0\xa0\xa0 (Redação dada pela\nEmenda Constitucional nº 53, de 2006)\nV - acesso aos níveis mais elevados do ensino, da pesquisa e da criação artística, segundo a capacidade de cada\num;\nVI - oferta de ensino noturno regular, adequado às condições do educando;\nVII - atendimento ao educando, em todas as etapas da educação básica, por meio de programas suplementares\nde material didático-escolar, transporte, alimentação e assistência à saúde.\xa0 \xa0 \xa0 \xa0 \xa0 \xa0 \xa0 \xa0 (Redação dada pela Emenda\nConstitucional nº 59, de 2009)\n§ 1º O acesso ao ensino obrigatório e gratuito é direito público subjetivo.\n§ 2º O não-oferecimento do ensino obrigatório pelo Poder Público, ou sua oferta irregular, importa\nresponsabilidade da autoridade competente.\n§ 3º Compete ao Poder Público recensear os educandos no ensino fundamental, fazer-lhes a chamada e zelar,\njunto aos pais ou responsáveis, pela freqüência à escola.\n\uf24e Art. 209. O ensino é livre à iniciativa privada, atendidas as seguintes ', 'condições:\nI - cumprimento das normas gerais da educação nacional;\nII - autorização e avaliação de qualidade pelo Poder Público.\n\uf24e Art. 210. Serão fixados conteúdos mínimos para o ensino fundamental, de maneira a assegurar formação\nbásica comum e respeito aos valores culturais e artísticos, nacionais e regionais.\n§ 1º O ensino religioso, de matrícula facultativa, constituirá disciplina dos horários normais das escolas públicas de\nensino fundamental.\n§ 2º O ensino fundamental regular será ministrado em língua portuguesa, assegurada às comunidades indígenas\ntambém a utilização de suas línguas maternas e processos próprios de aprendizagem.\n\uf24e Art. 211. A União, os Estados, o Distrito Federal e os Municípios organizarão em regime de colaboração seus\nsistemas de ensino.\n§ 1º A União organizará o sistema federal de ensino e o dos Territórios, financiará as instituições de ensino\npúblicas federais e exercerá, em matéria educacional, função redistributiva e supletiva, de forma a garantir equalização\nde oportunidades educacionais e padrão mínimo de qualidade do ensino mediante assistência técnica e financeira aos\nEstados, ao Distrito Federal e aos Municípios;\xa0\xa0\xa0\xa0\xa0\xa0\xa0\xa0 (Redação dada pela Emenda Constitucional nº 14, de 1996)\n§ 2º Os Municípios atuarão prioritariamente no ensino fundamental e na educação infantil.\xa0\xa0\xa0\xa0\xa0\xa0\xa0\xa0 (Redação dada\npela Emenda Constitucional nº 14, de 1996)\n§ 3º Os Estados e o Distrito Federal atuarão prioritariamente no ensino ', '- qualquer outra despesa corrente não vinculada diretamente aos investimentos ou ações apoiados.\xa0 \xa0 \xa0 \xa0 \xa0 \xa0 \xa0 \xa0\n(Incluído pela Emenda Constitucional nº 42, de 19.12.2003)\nCAPÍTULO III\nDA EDUCAÇÃO, DA CULTURA E DO DESPORTO\nSEÇÃO I\nDA EDUCAÇÃO\n\uf24e Art. 205. A educação, direito de todos e dever do Estado e da família, será promovida e incentivada com a\ncolaboração da sociedade, visando ao pleno desenvolvimento da pessoa, seu preparo para o exercício da cidadania e\nsua qualificação para o trabalho.\n\uf24e Art. 206. O ensino será ministrado com base nos seguintes princípios:\nI - igualdade de condições para o acesso e permanência na escola;\nII - liberdade de aprender, ensinar, pesquisar e divulgar o pensamento, a arte e o saber;\nIII - pluralismo de idéias e de concepções pedagógicas, e coexistência de instituições públicas e privadas de\nensino;\nIV - gratuidade do ensino público em estabelecimentos oficiais;\nV - valorização dos profissionais da educação escolar, garantidos, na forma da lei, planos de carreira, com\ningresso exclusivamente por concurso público de provas e títulos, aos das redes públicas;\xa0\xa0\xa0\xa0\xa0\xa0\xa0\xa0 (Redação dada pela\nEmenda Constitucional nº 53, de 2006)\xa0\xa0\xa0 (Vide Lei nº 14.817, de 2024)\nVI - gestão democrática do ensino público, na forma da lei;\nVII - garantia de padrão de qualidade.\nVIII - piso salarial profissional nacional ', 'fundamental e médio.\xa0\xa0\xa0\xa0\xa0\xa0\xa0\xa0 (Incluído pela\nEmenda Constitucional nº 14, de 1996)\n§ 4º Na organização de seus sistemas de ensino, a União, os Estados, o Distrito Federal e os Municípios definirão\nformas de colaboração, de forma a assegurar a universalização, a qualidade e a equidade do ensino obrigatório.\xa0\xa0\xa0\xa0\xa0\n(Redação dada pela Emenda Constitucional nº 108, de 2020)\n§ 5º A educação básica pública atenderá prioritariamente ao ensino regular.\xa0 \xa0 \xa0 \xa0 \xa0 \xa0 \xa0 \xa0 (Incluído pela Emenda\nConstitucional nº 53, de 2006)\n§ 6º A União, os Estados, o Distrito Federal e os Municípios exercerão ação redistributiva em relação a suas\nescolas.\xa0\xa0\xa0\xa0 (Incluído pela Emenda Constitucional nº 108, de 2020)\n§ 7º O padrão mínimo de qualidade de que trata o § 1º deste artigo considerará as condições adequadas de oferta\ne terá como referência o Custo Aluno Qualidade (CAQ), pactuados em regime de colaboração na forma disposta em lei\ncomplementar, conforme o parágrafo único do art. 23 desta Constituição.\xa0\xa0\xa0\xa0\xa0\xa0 (Incluído pela Emenda Constitucional nº\n108, de 2020)\n\uf24e Art. 212. A União aplicará, anualmente, nunca menos de dezoito, e os Estados, o Distrito Federal e os\nMunicípios vinte e cinco por cento, no mínimo, da receita resultante de impostos, compreendida a proveniente de\ntransferências, na manutenção e desenvolvimento do ensino.\n§ 1º A parcela ']","O Brasil garante o acesso à escola por meio da garantia do direito à educação e à aprendizagem ao longo da vida, conforme estabelecido no artigo 206, inciso IX. Esse direito é garantido de forma mais ampla para todos, mas especialmente para as crianças e adolescentes de 4 a 17 anos de idade, que têm direito à educação básica obrigatória e gratuita, conforme estabelecido no artigo 208, inciso I. Além disso, o acesso ao ensino obrigatório e gratuito é considerado um direito público subjetivo, conforme estabelecido no § 1º do artigo 208.","A educação é direito de todos e dever do Estado e da família (Art. 205), sendo também um dos direitos sociais listados de forma geral (Art. 6).",0.875,0.8881981547096203,0.5,0.9166666666361111
Como os três poderes se organizam e quais tribunais existem para julgar as pessoas?,"['à segurança do território nacional e\nopinar sobre seu efetivo uso, especialmente na faixa de fronteira e nas relacionadas com a preservação e a exploração\ndos recursos naturais de qualquer tipo;\nIV - estudar, propor e acompanhar o desenvolvimento de iniciativas necessárias a garantir a independência\nnacional e a defesa do Estado democrático.\n§ 2º A lei regulará a organização e o funcionamento do Conselho de Defesa Nacional.\xa0\xa0\xa0 (Vide Lei nº 8.183, de\n1991)\nCAPÍTULO III\nDO PODER JUDICIÁRIO\nSEÇÃO I\nDISPOSIÇÕES GERAIS\n\uf24e Art. 92. São órgãos do Poder Judiciário:\nI - o Supremo Tribunal Federal;\nI-A o Conselho Nacional de Justiça;\xa0\xa0\xa0\xa0\xa0\xa0\xa0\xa0\xa0\xa0\xa0\xa0 (Incluído pela Emenda Constitucional nº 45, de 2004)\xa0\xa0\xa0\xa0\nII - o Superior Tribunal de Justiça;\nII-A - o Tribunal Superior do Trabalho;\xa0\xa0\xa0\xa0\xa0\xa0\xa0\xa0\xa0\xa0\xa0\xa0\xa0\xa0\xa0\xa0 (Incluído pela Emenda Constitucional nº 92, de 2016)\nIII - os Tribunais Regionais Federais e Juízes Federais;\nIV - os Tribunais e Juízes do Trabalho;\nV - os Tribunais e Juízes Eleitorais;\nVI - os Tribunais e Juízes Militares;\nVII - os Tribunais e Juízes dos Estados e do Distrito Federal e Territórios.\n§ 1º O Supremo Tribunal Federal, o Conselho Nacional de Justiça e os Tribunais Superiores têm sede na Capital\nFederal.\xa0\xa0\xa0\xa0\xa0\xa0\xa0\xa0\xa0\xa0\xa0\xa0 (Incluído pela Emenda Constitucional nº 45, de 2004)\xa0\xa0\xa0\xa0\xa0\xa0 (Vide ADIN 3392)\n§ 2º O Supremo Tribunal Federal e os Tribunais Superiores têm jurisdição em todo ', 'Constitucional nº 122, de 2022)\nI - um terço dentre juízes dos Tribunais Regionais Federais e um terço dentre desembargadores dos Tribunais de\nJustiça, indicados em lista tríplice elaborada pelo próprio Tribunal;\nII - um terço, em partes iguais, dentre advogados e membros do Ministério Público Federal, Estadual, do Distrito\nFederal e Territórios, alternadamente, indicados na forma do art. 94.\n\uf24e Art. 105. Compete ao Superior Tribunal de Justiça:\nI - processar e julgar, originariamente:\na) nos crimes comuns, os Governadores dos Estados e do Distrito Federal, e, nestes e nos de responsabilidade,\nos desembargadores dos Tribunais de Justiça dos Estados e do Distrito Federal, os membros dos Tribunais de Contas\ndos Estados e do Distrito Federal, os dos Tribunais Regionais Federais, dos Tribunais Regionais Eleitorais e do Trabalho,\nos membros dos Conselhos ou Tribunais de Contas dos Municípios e os do Ministério Público da União que oficiem\nperante tribunais;\nb) os mandados de segurança e os habeas data contra ato de Ministro de Estado, dos Comandantes da Marinha,\ndo Exército e da Aeronáutica ou do próprio Tribunal; \xa0\xa0\xa0\xa0\xa0\xa0\xa0\xa0\xa0\xa0\xa0\xa0\xa0\xa0 (Redação dada pela Emenda Constitucional nº 23, de\n1999)\nc) os habeas corpus, quando o coator ou paciente for qualquer das pessoas mencionadas na alínea a, ou quando\no coator for tribunal sujeito à sua jurisdição, Ministro ', 'MILITARES\n\uf24e Art. 122. São órgãos da Justiça Militar:\nI - o Superior Tribunal Militar;\nII - os Tribunais e Juízes Militares instituídos por lei.\n\uf24e Art. 123. O Superior Tribunal Militar compor-se-á de quinze Ministros vitalícios, nomeados pelo Presidente da\nRepública, depois de aprovada a indicação pelo Senado Federal, sendo três dentre oficiais-generais da Marinha, quatro\ndentre oficiais-generais do Exército, três dentre oficiais-generais da Aeronáutica, todos da ativa e do posto mais elevado\nda carreira, e cinco dentre civis.\nParágrafo único. Os Ministros civis serão escolhidos pelo Presidente da República dentre brasileiros com mais\nde trinta e cinco e menos de setenta anos de idade, sendo:\xa0\xa0\xa0\xa0\xa0\xa0 (Redação dada pela Emenda Constitucional nº 122, de\n2022)\nI - três dentre advogados de notório saber jurídico e conduta ilibada, com mais de dez anos de efetiva atividade\nprofissional;\nII - dois, por escolha paritária, dentre juízes auditores e membros do Ministério Público da Justiça Militar.\n\uf24e Art. 124. à Justiça Militar compete processar e julgar os crimes militares definidos em lei.\nParágrafo único. A lei disporá sobre a organização, o funcionamento e a competência da Justiça Militar.\nSEÇÃO VIII\nDOS TRIBUNAIS E JUÍZES DOS ESTADOS\n\uf24e Art. 125. Os Estados organizarão sua Justiça, observados os princípios estabelecidos nesta Constituição.\n§ 1º A competência dos tribunais será definida na Constituição do ', 'o poder emana do povo, que o exerce por meio de representantes eleitos ou diretamente,\nnos termos desta Constituição.\n\uf24e Art. 2º São Poderes da União, independentes e harmônicos entre si, o Legislativo, o Executivo e o Judiciário.\n\uf24e Art. 3º Constituem objetivos fundamentais da República Federativa do Brasil:\nI - construir uma sociedade livre, justa e solidária;\nII - garantir o desenvolvimento nacional;\nIII - erradicar a pobreza e a marginalização e reduzir as desigualdades sociais e regionais;\nIV - promover o bem de todos, sem preconceitos de origem, raça, sexo, cor, idade e quaisquer outras formas de\ndiscriminação.\n\uf24e Art. 4º A República Federativa do Brasil rege-se nas suas relações internacionais pelos seguintes princípios:\nI - independência nacional;\nII - prevalência dos direitos humanos;\nIII - autodeterminação dos povos;\nIV - não-intervenção;\nV - igualdade entre os Estados;\nVI - defesa da paz;\nVII - solução pacífica dos conflitos;\nVIII - repúdio ao terrorismo e ao racismo;\nIX - cooperação entre os povos para o progresso da humanidade;\nX - concessão de asilo político.\nParágrafo único. A República Federativa do Brasil buscará a integração econômica, política, social e cultural dos\npovos da América Latina, visando à formação de uma comunidade latino-americana de nações.\nTÍTULO II\nDOS DIREITOS E GARANTIAS FUNDAMENTAIS\nCAPÍTULO I\nDOS DIREITOS E DEVERES INDIVIDUAIS E COLETIVOS\n\uf24e Art. 5º Todos são ', 'juiz de Tribunal Regional Federal.\n\uf24e Art. 74. Os Poderes Legislativo, Executivo e Judiciário manterão, de forma integrada, sistema de controle\ninterno com a finalidade de:\nI - avaliar o cumprimento das metas previstas no plano plurianual, a execução dos programas de governo e dos\norçamentos da União;\nII - comprovar a legalidade e avaliar os resultados, quanto à eficácia e eficiência, da gestão orçamentária,\nfinanceira e patrimonial nos órgãos e entidades da administração federal, bem como da aplicação de recursos públicos\npor entidades de direito privado;\nIII - exercer o controle das operações de crédito, avais e garantias, bem como dos direitos e haveres da União;\nIV - apoiar o controle externo no exercício de sua missão institucional.\n§ 1º Os responsáveis pelo controle interno, ao tomarem conhecimento de qualquer irregularidade ou ilegalidade,\ndela darão ciência ao Tribunal de Contas da União, sob pena de responsabilidade solidária.\n§ 2º Qualquer cidadão, partido político, associação ou sindicato é parte legítima para, na forma da lei, denunciar\nirregularidades ou ilegalidades perante o Tribunal de Contas da União.\n\uf24e Art. 75. Os Tribunais de Contas são instituições permanentes, essenciais ao exercício do controle externo, e as\nnormas estabelecidas nesta Seção aplicam-se, no que couber, à organização, composição e fiscalização dos Tribunais\nde Contas dos Estados e do Distrito ']","Os três poderes da União são independentes e harmônicos entre si, sendo eles o Legislativo, o Executivo e o Judiciário (Art. 2º). 

Os tribunais existentes para julgar as pessoas incluem:

- O Supremo Tribunal Federal (Art. 92, I)
- O Superior Tribunal de Justiça (Art. 92, II)
- O Tribunal Superior do Trabalho (Art. 92, II-A)
- Os Tribunais Regionais Federais e Juízes Federais (Art. 92, III)
- Os Tribunais e Juízes do Trabalho (Art. 92, IV)
- Os Tribunais e Juízes Eleitorais (Art. 92, V)
- Os Tribunais e Juízes Militares (Art. 92, VI)
- Os Tribunais e Juízes dos Estados e do Distrito Federal e Territórios (Art. 92, VII)
- O Superior Tribunal Militar (Art. 122, I)
- Os Tribunais e Juízes Militares instituídos por lei (Art. 122, II)

Cada um desses tribunais tem competências específicas, como o julgamento de crimes comuns, crimes militares, mandados de segurança, habeas corpus, entre outros (Arts. 105, 124). Além disso, os tribunais de contas também desempenham um papel importante no controle externo da administração pública (Arts. 74, 75).","São Poderes da União o Legislativo, o Executivo e o Judiciário, independentes e harmônicos entre si (Art. 2); o Judiciário é composto por STF, CNJ, STJ e outros tribunais (Art. 92); o Legislativo é exercido pelo Congresso Nacional (Art. 44).",0.9444444444444444,0.745787544548982,0.6666666666666666,0.7499999999625
"Dá para mudar a Constituição? Se sim, quem propõe e qual a diferença para propor uma lei comum?","['nos regimentos das respectivas Casas, serão criadas pela Câmara dos Deputados e\npelo Senado Federal, em conjunto ou separadamente, mediante requerimento de um terço de seus membros, para a\napuração de fato determinado e por prazo certo, sendo suas conclusões, se for o caso, encaminhadas ao Ministério\nPúblico, para que promova a responsabilidade civil ou criminal dos infratores.\n§ 4º Durante o recesso, haverá uma Comissão representativa do Congresso Nacional, eleita por suas Casas na\núltima sessão ordinária do período legislativo, com atribuições definidas no regimento comum, cuja composição\nreproduzirá, quanto possível, a proporcionalidade da representação partidária.\nSEÇÃO VIII\nDO PROCESSO LEGISLATIVO\nSUBSEÇÃO I\nDISPOSIÇÃO GERAL\n\uf24e Art. 59. O processo legislativo compreende a elaboração de:\nI - emendas à Constituição;\nII - leis complementares;\nIII - leis ordinárias;\nIV - leis delegadas;\nV - medidas provisórias;\nVI - decretos legislativos;\nVII - resoluções.\nParágrafo único. Lei complementar disporá sobre a elaboração, redação, alteração e consolidação das leis.\nSUBSEÇÃO II\nDA EMENDA À CONSTITUIÇÃO\n\uf24e Art. 60. A Constituição poderá ser emendada mediante proposta:\nI - de um terço, no mínimo, dos membros da Câmara dos Deputados ou do Senado Federal;\nII - do Presidente da República;\nIII - de mais da metade das Assembléias Legislativas das unidades da Federação, manifestando-se, cada uma\ndelas, pela maioria relativa de seus membros.\n§ 1º A Constituição não poderá ser ', 'emendada na vigência de intervenção federal, de estado de defesa ou de\nestado de sítio.\n§ 2º A proposta será discutida e votada em cada Casa do Congresso Nacional, em dois turnos, considerando-se\naprovada se obtiver, em ambos, três quintos dos votos dos respectivos membros.\n§ 3º A emenda à Constituição será promulgada pelas Mesas da Câmara dos Deputados e do Senado Federal, com\no respectivo número de ordem.\n§ 4º Não será objeto de deliberação a proposta de emenda tendente a abolir:\nI - a forma federativa de Estado;\nII - o voto direto, secreto, universal e periódico;\nIII - a separação dos Poderes;\nIV - os direitos e garantias individuais.\n§ 5º A matéria constante de proposta de emenda rejeitada ou havida por prejudicada não pode ser objeto de nova\nproposta na mesma sessão legislativa.\nSUBSEÇÃO III\nDAS LEIS\n\uf24e Art. 61. A iniciativa das leis complementares e ordinárias cabe a qualquer membro ou Comissão da Câmara\ndos Deputados, do Senado Federal ou do Congresso Nacional, ao Presidente da República, ao Supremo Tribunal\nFederal, aos Tribunais Superiores, ao Procurador-Geral da República e aos cidadãos, na forma e nos casos previstos\nnesta Constituição.\n§ 1º São de iniciativa privativa do Presidente da República as leis que:\nI - fixem ou modifiquem os efetivos das Forças Armadas;\nII - disponham sobre:\na) ', 'criação de cargos, funções ou empregos públicos na administração direta e autárquica ou aumento de sua\nremuneração;\nb) organização administrativa e judiciária, matéria tributária e orçamentária, serviços públicos e pessoal da\nadministração dos Territórios;\nc) servidores públicos da União e Territórios, seu regime jurídico, provimento de cargos, estabilidade e\naposentadoria; \xa0\xa0\xa0\xa0\xa0\xa0\xa0\xa0\xa0\xa0 (Redação dada pela Emenda Constitucional nº 18, de 1998)\nd) organização do Ministério Público e da Defensoria Pública da União, bem como normas gerais para a\norganização do Ministério Público e da Defensoria Pública dos Estados, do Distrito Federal e dos Territórios;\ne) criação e extinção de Ministérios e órgãos da administração pública, observado o disposto no art. 84, VI;\xa0\xa0\xa0\xa0\xa0\xa0\xa0\xa0\xa0\xa0\xa0\xa0\xa0\n(Redação dada pela Emenda Constitucional nº 32, de 2001)\nf) militares das Forças Armadas, seu regime jurídico, provimento de cargos, promoções, estabilidade,\nremuneração, reforma e transferência para a reserva. \xa0\xa0\xa0\xa0\xa0\xa0\xa0\xa0\xa0\xa0\xa0\xa0 (Incluída pela Emenda Constitucional nº 18, de 1998)\n§ 2º A iniciativa popular pode ser exercida pela apresentação à Câmara dos Deputados de projeto de lei subscrito\npor, no mínimo, um por cento do eleitorado nacional, distribuído pelo menos por cinco Estados, com não menos de três\ndécimos por cento dos eleitores de cada um deles.\n\uf24e Art. 62. Em caso de relevância e urgência, o Presidente da República poderá adotar medidas provisórias, com\nforça ', '\xa0 \xa0 \xa0 \xa0 \xa0 \xa0 \xa0 \xa0 \xa0 (Redação dada pela Emenda\nConstitucional nº 103, de 2019)\nXXII - competência da polícia federal e das polícias rodoviária e ferroviária federais;\nXXIII - seguridade social;\nXXIV - diretrizes e bases da educação nacional;\nXXV - registros públicos;\nXXVI - atividades nucleares de qualquer natureza;\nXXVII – normas gerais de licitação e contratação, em todas as modalidades, para as administrações públicas\ndiretas, autárquicas e fundacionais da União, Estados, Distrito Federal e Municípios, obedecido o disposto no art. 37,\nXXI, e para as empresas públicas e sociedades de economia mista, nos termos do art. 173, § 1°, III;\xa0\xa0\xa0\xa0\xa0\xa0\xa0\xa0\xa0\xa0\xa0\xa0\xa0\xa0\xa0 (Redação\ndada pela Emenda Constitucional nº 19, de 1998)\nXXVIII - defesa territorial, defesa aeroespacial, defesa marítima, defesa civil e mobilização nacional;\nXXIX - propaganda comercial.\nXXX - proteção e tratamento de dados pessoais.\xa0\xa0\xa0\xa0 (Incluído pela Emenda Constitucional nº 115, de 2022)\nParágrafo único. Lei complementar poderá autorizar os Estados a legislar sobre questões específicas das matérias\nrelacionadas neste artigo.\n\uf24e Art. 23. É competência comum da União, dos Estados, do Distrito Federal e dos Municípios:\nI - zelar pela guarda da Constituição, das leis e das instituições democráticas e conservar o patrimônio público;\nII - cuidar da saúde e assistência pública, da proteção e garantia das pessoas portadoras de deficiência;\xa0\xa0\xa0\xa0 (Vide\nADPF ', '- Virgílio Távora.\nEste texto não substitui o publicado no DOU de 5.10.1988\nATO DAS DISPOSIÇÕES CONSTITUCIONAIS TRANSITÓRIAS\nArt. 1º. O Presidente da República, o Presidente do Supremo Tribunal Federal e os membros do Congresso\nNacional prestarão o compromisso de manter, defender e cumprir a Constituição, no ato e na data de sua promulgação.\nArt. 2º. No dia 7 de setembro de 1993 o eleitorado definirá, através de plebiscito, a forma (república ou monarquia\nconstitucional) e o sistema de governo (parlamentarismo ou presidencialismo) que devem vigorar no País.\xa0\xa0\xa0\xa0\xa0\xa0\xa0\xa0\xa0\xa0\xa0\xa0\xa0\xa0 (Vide\nemenda Constitucional nº 2, de 1992)\n§ 1º - Será assegurada gratuidade na livre divulgação dessas formas e sistemas, através dos meios de\ncomunicação de massa cessionários de serviço público.\n§ 2º - O Tribunal Superior Eleitoral, promulgada a Constituição, expedirá as normas regulamentadoras deste artigo.\nArt. 3º. A revisão constitucional será realizada após cinco anos, contados da promulgação da Constituição, pelo\nvoto da maioria absoluta dos membros do Congresso Nacional, em sessão unicameral.\nArt. 4º. O mandato do atual Presidente da República terminará em 15 de março de 1990.\n§ 1º A primeira eleição para Presidente da República após a promulgação da Constituição será realizada no dia 15\nde novembro de 1989, não se lhe aplicando o disposto no art. 16 da Constituição.\n§ 2º É ']","Sim, é possível mudar a Constituição. A Constituição pode ser emendada mediante proposta de:

* Um terço, no mínimo, dos membros da Câmara dos Deputados ou do Senado Federal;
* Do Presidente da República;
* De mais da metade das Assembléias Legislativas das unidades da Federação, manifestando-se, cada uma delas, pela maioria relativa de seus membros.

A proposta de emenda à Constituição deve ser discutida e votada em cada Casa do Congresso Nacional, em dois turnos, considerando-se aprovada se obtiver, em ambos, três quintos dos votos dos respectivos membros.

Já a proposta de lei comum pode ser feita por qualquer membro ou Comissão da Câmara dos Deputados, do Senado Federal ou do Congresso Nacional, ao Presidente da República, ao Supremo Tribunal Federal, aos Tribunais Superiores, ao Procurador-Geral da República e aos cidadãos, na forma e nos casos previstos na Constituição.

A diferença principal é que a emenda à Constituição exige uma maioria qualificada de três quintos dos votos dos membros de cada Casa do Congresso Nacional, enquanto a proposta de lei comum pode ser aprovada por maioria simples. Além disso, a emenda à Constituição é um processo mais complexo e rigoroso, com mais etapas e requisitos a serem cumpridos.","A Constituição pode ser emendada por proposta de um terço da Câmara ou Senado, do Presidente ou de mais da metade das Assembleias Legislativas (Art. 60), diferente da iniciativa de leis ordinárias (Art. 61), dentro do processo legislativo geral (Art. 59).",1.0,0.8958337821668577,1.0,0.99999999995
"Quais garantias uma pessoa tem para proteger sua vida e liberdade, e isso também vale de forma especial para crianças?","['assistência jurídica integral e gratuita aos que comprovarem insuficiência de recursos;\nLXXV - o Estado indenizará o condenado por erro judiciário, assim como o que ficar preso além do tempo fixado\nna sentença;\nLXXVI - são gratuitos para os reconhecidamente pobres, na forma da lei:\xa0\xa0\xa0\xa0\xa0\xa0\xa0\xa0\xa0\xa0\xa0\xa0\xa0\xa0 (Vide Lei nº 7.844, de 1989)\na) o registro civil de nascimento;\nb) a certidão de óbito;\nLXXVII - são gratuitas as ações de habeas corpus e habeas data, e, na forma da lei, os atos necessários ao\nexercício da cidadania.\xa0\xa0\xa0\xa0\xa0\xa0\xa0\xa0\xa0\xa0\xa0 (Regulamento)\nLXXVIII - a todos, no âmbito judicial e administrativo, são assegurados a razoável duração do processo e os meios\nque garantam a celeridade de sua tramitação.\xa0\xa0\xa0\xa0\xa0\xa0\xa0\xa0\xa0\xa0\xa0 \xa0(Incluído pela Emenda Constitucional nº 45, de 2004)\xa0\xa0\xa0\xa0\xa0\xa0\xa0 (Vide\nADIN 3392)\nLXXIX - é assegurado, nos termos da lei, o direito à proteção dos dados pessoais, inclusive nos meios digitais.\xa0\xa0\n(Incluído pela Emenda Constitucional nº 115, de 2022)\n§ 1º As normas definidoras dos direitos e garantias fundamentais têm aplicação imediata.\n§ 2º Os direitos e garantias expressos nesta Constituição não excluem outros decorrentes do regime e dos\nprincípios por ela adotados, ou dos tratados internacionais em que a República Federativa do Brasil seja parte.\n§ 3º Os tratados e convenções internacionais sobre direitos humanos que forem aprovados, em cada Casa do\nCongresso Nacional, ', 'iguais perante a lei, sem distinção de qualquer natureza, garantindo-se aos brasileiros e aos\nestrangeiros residentes no País a inviolabilidade do direito à vida, à liberdade, à igualdade, à segurança e à propriedade,\nnos termos seguintes:\nI - homens e mulheres são iguais em direitos e obrigações, nos termos desta Constituição;\nII - ninguém será obrigado a fazer ou deixar de fazer alguma coisa senão em virtude de lei;\nIII - ninguém será submetido a tortura nem a tratamento desumano ou degradante;\nIV - é livre a manifestação do pensamento, sendo vedado o anonimato;\xa0\xa0\nV - é assegurado o direito de resposta, proporcional ao agravo, além da indenização por dano material, moral ou à\nimagem;\xa0\nVI - é inviolável a liberdade de consciência e de crença, sendo assegurado o livre exercício dos cultos religiosos e\ngarantida, na forma da lei, a proteção aos locais de culto e a suas liturgias;\xa0\xa0\nVII - é assegurada, nos termos da lei, a prestação de assistência religiosa nas entidades civis e militares de\ninternação coletiva;\xa0\xa0\nVIII - ninguém será privado de direitos por motivo de crença religiosa ou de convicção filosófica ou política, salvo\nse as invocar para eximir-se de obrigação legal a todos imposta e recusar-se a cumprir prestação alternativa, fixada em\nlei;\nIX - é livre a expressão ', '66,\nde 2010)\n§ 7º Fundado nos princípios da dignidade da pessoa humana e da paternidade responsável, o planejamento\nfamiliar é livre decisão do casal, competindo ao Estado propiciar recursos educacionais e científicos para o exercício\ndesse direito, vedada qualquer forma coercitiva por parte de instituições oficiais ou privadas.\xa0\xa0\xa0 Regulamento\n§ 8º O Estado assegurará a assistência à família na pessoa de cada um dos que a integram, criando mecanismos\npara coibir a violência no âmbito de suas relações.\n\uf24e Art. 227. É dever da família, da sociedade e do Estado assegurar à criança, ao adolescente e ao jovem,\ncom absoluta prioridade, o direito à vida, à saúde, à alimentação, à educação, ao lazer, à profissionalização, à cultura,\nà dignidade, ao respeito, à liberdade e à convivência familiar e comunitária, além de colocá-los a salvo de toda forma\nde negligência, discriminação, exploração, violência, crueldade e opressão.\xa0 \xa0 \xa0 \xa0 \xa0 \xa0 \xa0 \xa0 (Redação dada Pela Emenda\nConstitucional nº 65, de 2010)\n§ 1º O Estado promoverá programas de assistência integral à saúde da criança, do adolescente e do jovem,\nadmitida a participação de entidades não governamentais, mediante políticas específicas e obedecendo aos seguintes\npreceitos:\xa0\xa0\xa0\xa0\xa0\xa0\xa0\xa0 (Redação dada Pela Emenda Constitucional nº 65, de 2010)\nI - aplicação de percentual dos recursos públicos destinados à saúde ', 'na assistência materno-infantil;\nII - criação de programas de prevenção e atendimento especializado para as pessoas portadoras de deficiência\nfísica, sensorial ou mental, bem como de integração social do adolescente e do jovem portador de deficiência,\nmediante o treinamento para o trabalho e a convivência, e a facilitação do acesso aos bens e serviços coletivos, com\na eliminação de obstáculos arquitetônicos e de todas as formas de discriminação.\xa0\xa0\xa0\xa0\xa0\xa0\xa0\xa0 (Redação dada Pela Emenda\nConstitucional nº 65, de 2010)\n§ 2º A lei disporá sobre normas de construção dos logradouros e dos edifícios de uso público e de fabricação de\nveículos de transporte coletivo, a fim de garantir acesso adequado às pessoas portadoras de deficiência.\n§ 3º O direito a proteção especial abrangerá os seguintes aspectos:\nI - idade mínima de quatorze anos para admissão ao trabalho, observado o disposto no art. 7º, XXXIII;\nII - garantia de direitos previdenciários e trabalhistas;\nIII - garantia de acesso do trabalhador adolescente e jovem à escola;\xa0 \xa0 \xa0 \xa0 \xa0 \xa0 \xa0 \xa0 (Redação dada Pela Emenda\nConstitucional nº 65, de 2010)\nIV - garantia de pleno e formal conhecimento da atribuição de ato infracional, igualdade na relação processual e\ndefesa técnica por profissional habilitado, segundo dispuser a legislação tutelar específica;\nV - obediência aos princípios de brevidade, excepcionalidade ', 'da atividade intelectual, artística, científica e de comunicação, independentemente de\ncensura ou licença;\nX - são invioláveis a intimidade, a vida privada, a honra e a imagem das pessoas, assegurado o direito a\nindenização pelo dano material ou moral decorrente de sua violação;\xa0\xa0\xa0\nXI - a casa é asilo inviolável do indivíduo, ninguém nela podendo penetrar sem consentimento do morador, salvo\nem caso de flagrante delito ou desastre, ou para prestar socorro, ou, durante o dia, por determinação judicial;\xa0\xa0\xa0\xa0\xa0\xa0\xa0\xa0\xa0\xa0\xa0\xa0\xa0\n\xa0(Vide Lei nº 13.105, de 2015)\xa0\xa0\xa0\xa0(Vigência)\nXII - é inviolável o sigilo da correspondência e das comunicações telegráficas, de dados e das comunicações\ntelefônicas, salvo, no último caso, por ordem judicial, nas hipóteses e na forma que a lei estabelecer para fins de\ninvestigação criminal ou instrução processual penal;\xa0\xa0\xa0\xa0\xa0\xa0\xa0\xa0\xa0\xa0\xa0\xa0\xa0 (Vide Lei nº 9.296, de 1996)\n\xa0XIII - é livre o exercício de qualquer trabalho, ofício ou profissão, atendidas as qualificações profissionais que a lei\nestabelecer; \xa0\xa0\nXIV - é assegurado a todos o acesso à informação e resguardado o sigilo da fonte, quando necessário ao exercício\nprofissional; \xa0\xa0\nXV - é livre a locomoção no território nacional em tempo de paz, podendo qualquer pessoa, nos termos da lei, nele\nentrar, permanecer ou dele sair com seus bens;\nXVI - todos podem reunir-se pacificamente, sem armas, em locais ']","De acordo com os trechos fornecidos, as garantias para proteger a vida e a liberdade incluem:

- A inviolabilidade do direito à vida, à liberdade, à igualdade, à segurança e à propriedade (trecho não numerado);
- A proteção contra tortura e tratamento desumano ou degradante (III);
- A liberdade de consciência e de crença, com o livre exercício dos cultos religiosos (VI);
- A garantia de direitos previdenciários e trabalhistas para os trabalhadores adolescentes e jovens (§ 3º, II);
- A garantia de pleno e formal conhecimento da atribuição de ato infracional, igualdade na relação processual e defesa técnica por profissional habilitado, segundo dispuser a legislação tutelar específica (§ 3º, IV).

Para as crianças, há garantias especiais, como:

- O direito à vida, à saúde, à alimentação, à educação, ao lazer, à profissionalização, à cultura, à dignidade, ao respeito, à liberdade e à convivência familiar e comunitária, com absoluta prioridade (Art. 227);
- A criação de programas de prevenção e atendimento especializado para as pessoas portadoras de deficiência física, sensorial ou mental (§ 1º, II);
- A garantia de acesso adequado às pessoas portadoras de deficiência em logradouros e edifícios de uso público e veículos de transporte coletivo (§ 2º);
- A idade mínima de quatorze anos para admissão ao trabalho (§ 3º, I).","O Art. 5 garante a todos a inviolabilidade do direito à vida, liberdade, igualdade, segurança e propriedade; o Art. 227 estende proteção especial e prioritária a crianças, adolescentes e jovens.",1.0,0.8209093104578236,1.0,0.5888888888692593
Quem pode cobrar tributos e quais são os limites para essa cobrança?,"['forma do disposto no caput e no § 1º, assegurada a igualdade de\ntratamento em relação às aquisições internas.\xa0\xa0\xa0\xa0 (Incluído pela Emenda Constitucional nº 132, de 2023)\nSEÇÃO II\nDAS LIMITAÇÕES DO PODER DE TRIBUTAR\n\uf24e Art. 150. Sem prejuízo de outras garantias asseguradas ao contribuinte, é vedado à União, aos Estados, ao\nDistrito Federal e aos Municípios:\nI - exigir ou aumentar tributo sem lei que o estabeleça;\nII - instituir tratamento desigual entre contribuintes que se encontrem em situação equivalente, proibida qualquer\ndistinção em razão de ocupação profissional ou função por eles exercida, independentemente da denominação jurídica\ndos rendimentos, títulos ou direitos;\nIII - cobrar tributos:\na) em relação a fatos geradores ocorridos antes do início da vigência da lei que os houver instituído ou aumentado;\nb) no mesmo exercício financeiro em que haja sido publicada a lei que os instituiu ou aumentou;\xa0\xa0 (Vide Emenda\nConstitucional nº 3, de 1993)\nc) antes de decorridos noventa dias da data em que haja sido publicada a lei que os instituiu ou aumentou,\nobservado o disposto na alínea b;\xa0\xa0\xa0\xa0\xa0\xa0\xa0\xa0 (Incluído pela Emenda Constitucional nº 42, de 19.12.2003)\nIV - utilizar tributo com efeito de confisco;\nV - estabelecer limitações ao tráfego de pessoas ou bens, por meio de tributos interestaduais ou intermunicipais,\nressalvada a cobrança de pedágio pela utilização ', 'federal, estadual\nou municipal, que regule exclusivamente as matérias acima enumeradas ou o correspondente tributo ou contribuição,\nsem prejuízo do disposto no art. 155, § 2.º, XII, g.\xa0\xa0\xa0\xa0\xa0\xa0\xa0\xa0 (Redação dada pela Emenda Constitucional nº 3, de 1993)\n§ 7º A lei poderá atribuir a sujeito passivo de obrigação tributária a condição de responsável pelo pagamento de\nimposto ou contribuição, cujo fato gerador deva ocorrer posteriormente, assegurada a imediata e preferencial restituição\nda quantia paga, caso não se realize o fato gerador presumido.\xa0\xa0\xa0\xa0\xa0\xa0\xa0\xa0 (Incluído pela Emenda Constitucional nº 3, de 1993)\n\uf24e Art. 151. É vedado à União:\nI - instituir tributo que não seja uniforme em todo o território nacional ou que implique distinção ou preferência em\nrelação a Estado, ao Distrito Federal ou a Município, em detrimento de outro, admitida a concessão de incentivos fiscais\ndestinados a promover o equilíbrio do desenvolvimento sócio-econômico entre as diferentes regiões do País;\nII - tributar a renda das obrigações da dívida pública dos Estados, do Distrito Federal e dos Municípios, bem como\na remuneração e os proventos dos respectivos agentes públicos, em níveis superiores aos que fixar para suas\nobrigações e para seus agentes;\nIII - instituir isenções de tributos da competência dos Estados, do Distrito Federal ou dos Municípios.\n\uf24e Art. 152. É vedado aos ', 'Estados, ao Distrito Federal e aos Municípios estabelecer diferença tributária entre\nbens e serviços, de qualquer natureza, em razão de sua procedência ou destino.\nSEÇÃO III\nDOS IMPOSTOS DA UNIÃO\n\uf24e Art. 153. Compete à União instituir impostos sobre:\nI - importação de produtos estrangeiros;\nII - exportação, para o exterior, de produtos nacionais ou nacionalizados;\nIII - renda e proventos de qualquer natureza;\nIV - produtos industrializados;\nV - operações de crédito, câmbio e seguro, ou relativas a títulos ou valores mobiliários;\nVI - propriedade territorial rural;\nVII - grandes fortunas, nos termos de lei complementar.\nVIII - produção, extração, comercialização ou importação de bens e serviços prejudiciais à saúde ou ao meio\nambiente, nos termos de lei complementar.\xa0\xa0\xa0\xa0 (Incluído pela Emenda Constitucional nº 132, de 2023)\n§ 1º É facultado ao Poder Executivo, atendidas as condições e os limites estabelecidos em lei, alterar as alíquotas\ndos impostos enumerados nos incisos I, II, IV e V.\n§ 2º O imposto previsto no inciso III:\nI - será informado pelos critérios da generalidade, da universalidade e da progressividade, na forma da lei;\nII -\xa0\xa0\xa0\xa0\xa0\xa0\xa0\xa0\xa0 \xa0 (Revogado pela Emenda Constitucional nº 20, de 1998)\n§ 3º O imposto previsto no inciso IV:\nI - será seletivo, em função da essencialidade do produto;\nII - será não-cumulativo, compensando-se o que for devido em ', 'direito à mobilidade urbana eficiente; e\xa0\xa0\xa0\xa0\xa0\xa0\xa0\xa0 (Incluído pela Emenda Constitucional nº 82, de\n2014)\nII - compete, no âmbito dos Estados, do Distrito Federal e dos Municípios, aos respectivos órgãos ou entidades\nexecutivos e seus agentes de trânsito, estruturados em Carreira, na forma da lei.\xa0 \xa0 \xa0 \xa0 \xa0 \xa0 \xa0 \xa0 \xa0 (Incluído pela Emenda\nConstitucional nº 82, de 2014)\nTÍTULO VI\nDA TRIBUTAÇÃO E DO ORÇAMENTO\nCAPÍTULO I\nDO SISTEMA TRIBUTÁRIO NACIONAL\nSEÇÃO I\nDOS PRINCÍPIOS GERAIS\n\uf24e Art. 145. A União, os Estados, o Distrito Federal e os Municípios poderão instituir os seguintes tributos:\nI - impostos;\nII - taxas, em razão do exercício do poder de polícia ou pela utilização, efetiva ou potencial, de serviços públicos\nespecíficos e divisíveis, prestados ao contribuinte ou postos a sua disposição;\nIII - contribuição de melhoria, decorrente de obras públicas.\n§ 1º Sempre que possível, os impostos terão caráter pessoal e serão graduados segundo a capacidade econômica\ndo contribuinte, facultado à administração tributária, especialmente para conferir efetividade a esses objetivos, identificar,\nrespeitados os direitos individuais e nos termos da lei, o patrimônio, os rendimentos e as atividades econômicas do\ncontribuinte.\n§ 2º As taxas não poderão ter base de cálculo própria de impostos.\n§ 3º O Sistema Tributário Nacional deve observar os princípios da simplicidade, da transparência, da justiça\ntributária, da cooperação ', '1% (um por cento) do valor de mercado do produto.\xa0\xa0\xa0\xa0\xa0 (Incluído pela Emenda Constitucional nº 132, de\n2023)\n\uf24e Art. 154. A União poderá instituir:\nI - mediante lei complementar, impostos não previstos no artigo anterior, desde que sejam não-cumulativos e não\ntenham fato gerador ou base de cálculo próprios dos discriminados nesta Constituição;\nII - na iminência ou no caso de guerra externa, impostos extraordinários, compreendidos ou não em sua\ncompetência tributária, os quais serão suprimidos, gradativamente, cessadas as causas de sua criação.\nSEÇÃO IV\nDOS IMPOSTOS DOS ESTADOS E DO DISTRITO FEDERAL\n\uf24e Art. 155. Compete aos Estados e ao Distrito Federal instituir impostos sobre:\xa0 \xa0 \xa0 \xa0 \xa0 \xa0 \xa0 \xa0 (Redação dada pela\nEmenda Constitucional nº 3, de 1993)\nI - transmissão causa mortis e doação, de quaisquer bens ou direitos;\xa0 \xa0 \xa0 \xa0 \xa0 \xa0 \xa0 \xa0 (Redação dada pela Emenda\nConstitucional nº 3, de 1993)\nII - operações relativas à circulação de mercadorias e sobre prestações de serviços de transporte interestadual e\nintermunicipal e de comunicação, ainda que as operações e as prestações se iniciem no exterior;\xa0\xa0\xa0\xa0\xa0\xa0\xa0\xa0 (Redação dada\npela Emenda Constitucional nº 3, de 1993)\xa0 (Vide Emenda Constitucional nº 132, de 2023)\xa0 Vigência\nIII - propriedade de veículos automotores.\xa0\xa0\xa0\xa0\xa0\xa0\xa0\xa0 (Redação dada pela Emenda Constitucional nº 3, de 1993)\n§ 1º ']","De acordo com os trechos fornecidos, a cobrança de tributos pode ser feita pela União, Estados, Distrito Federal e Municípios. No entanto, existem limites para essa cobrança, estabelecidos no Art. 150, que vedam:

- Exigir ou aumentar tributo sem lei que o estabeleça;
- Instituir tratamento desigual entre contribuintes que se encontrem em situação equivalente;
- Cobrar tributos:
  - Em relação a fatos geradores ocorridos antes do início da vigência da lei que os houver instituído ou aumentado;
  - No mesmo exercício financeiro em que haja sido publicada a lei que os instituiu ou aumentou;
  - Antes de decorridos noventa dias da data em que haja sido publicada a lei que os instituiu ou aumentou;
- Utilizar tributo com efeito de confisco;
- Estabelecer limitações ao tráfego de pessoas ou bens, por meio de tributos interestaduais ou intermunicipais, ressalvada a cobrança de pedágio pela utilização de vias conservadas pelo Poder Público.

Além disso, o Art. 151 estabelece limites específicos para a União, como a vedação de instituir tributo que não seja uniforme em todo o território nacional ou que implique distinção ou preferência em relação a Estado, ao Distrito Federal ou a Município. Já o Art. 152 veda aos Estados, ao Distrito Federal e aos Municípios estabelecer diferença tributária entre bens e serviços em razão de sua procedência ou destino.","União, Estados, DF e Municípios podem instituir impostos, taxas e contribuições de melhoria (Art. 145), respeitando limitações e imunidades tributárias (Art. 150), e compartilhando competências comuns entre si (Art. 23).",1.0,0.8410928493098799,0.6666666666666666,0.99999999998
