user_input,retrieved_contexts,response,reference,faithfulness,answer_relevancy,context_recall,llm_context_precision_with_reference
Quem pode chamar um plebiscito ou referendo no Brasil?,"['sobre a execução\ndos planos de governo;\nX - fiscalizar e controlar, diretamente, ou por qualquer de suas Casas, os atos do Poder Executivo, incluídos os da\nadministração indireta;\nXI - zelar pela preservação de sua competência legislativa em face da atribuição normativa dos outros Poderes;\nXII - apreciar os atos de concessão e renovação de concessão de emissoras de rádio e televisão;\nXIII - escolher dois terços dos membros do Tribunal de Contas da União;\nXIV - aprovar iniciativas do Poder Executivo referentes a atividades nucleares;\nXV - autorizar referendo e convocar plebiscito;\nXVI - autorizar, em terras indígenas, a exploração e o aproveitamento de recursos hídricos e a pesquisa e lavra de\nriquezas minerais;\nXVII - aprovar, previamente, a alienação ou concessão de terras públicas com área superior a dois mil e\nquinhentos hectares.\nXVIII - decretar o estado de calamidade pública de âmbito nacional previsto nos arts. 167-B, 167-C, 167-D, 167-E,\n167-F e 167-G desta Constituição.\xa0\xa0\xa0\xa0\xa0 (Incluído pela Emenda Constitucional nº 109, de 2021)\nArt. 50. A Câmara dos Deputados e o Senado Federal, ou qualquer de suas Comissões, poderão convocar Ministro\nde Estado, quaisquer titulares de órgãos diretamente subordinados à Presidência da República ou o Presidente do\nComitê Gestor do Imposto sobre Bens e Serviços para prestarem, pessoalmente, informações sobre assunto\npreviamente determinado, importando ', 'de 2023)\na) revogada;\xa0\xa0\xa0\xa0\xa0\xa0\xa0 (Redação dada pela Emenda Constitucional nº 131, de 2023)\nb) revogada.\xa0\xa0\xa0\xa0\xa0 (Redação dada pela Emenda Constitucional nº 131, de 2023)\n§ 5º A renúncia da nacionalidade, nos termos do inciso II do § 4º deste artigo, não impede o interessado de\nreadquirir sua nacionalidade brasileira originária, nos termos da lei.\xa0\xa0\xa0\xa0 (Incluído pela Emenda Constitucional nº 131, de\n2023)\n\uf24e Art. 13. A língua portuguesa é o idioma oficial da República Federativa do Brasil.\n§ 1º São símbolos da República Federativa do Brasil a bandeira, o hino, as armas e o selo nacionais.\n§ 2º Os Estados, o Distrito Federal e os Municípios poderão ter símbolos próprios.\nCAPÍTULO IV\nDOS DIREITOS POLÍTICOS\n\uf24e Art. 14. A soberania popular será exercida pelo sufrágio universal e pelo voto direto e secreto, com valor igual\npara todos, e, nos termos da lei, mediante:\nI - plebiscito;\nII - referendo;\nIII - iniciativa popular.\n§ 1º O alistamento eleitoral e o voto são:\nI - obrigatórios para os maiores de dezoito anos;\nII - facultativos para:\na) os analfabetos;\nb) os maiores de setenta anos;\nc) os maiores de dezesseis e menores de dezoito anos.\n§ 2º Não podem alistar-se como eleitores os estrangeiros e, durante o período do serviço militar obrigatório, os\nconscritos.\n§ 3º São condições de elegibilidade, na forma da lei:\nI - ', '- Virgílio Távora.\nEste texto não substitui o publicado no DOU de 5.10.1988\nATO DAS DISPOSIÇÕES CONSTITUCIONAIS TRANSITÓRIAS\nArt. 1º. O Presidente da República, o Presidente do Supremo Tribunal Federal e os membros do Congresso\nNacional prestarão o compromisso de manter, defender e cumprir a Constituição, no ato e na data de sua promulgação.\nArt. 2º. No dia 7 de setembro de 1993 o eleitorado definirá, através de plebiscito, a forma (república ou monarquia\nconstitucional) e o sistema de governo (parlamentarismo ou presidencialismo) que devem vigorar no País.\xa0\xa0\xa0\xa0\xa0\xa0\xa0\xa0\xa0\xa0\xa0\xa0\xa0\xa0 (Vide\nemenda Constitucional nº 2, de 1992)\n§ 1º - Será assegurada gratuidade na livre divulgação dessas formas e sistemas, através dos meios de\ncomunicação de massa cessionários de serviço público.\n§ 2º - O Tribunal Superior Eleitoral, promulgada a Constituição, expedirá as normas regulamentadoras deste artigo.\nArt. 3º. A revisão constitucional será realizada após cinco anos, contados da promulgação da Constituição, pelo\nvoto da maioria absoluta dos membros do Congresso Nacional, em sessão unicameral.\nArt. 4º. O mandato do atual Presidente da República terminará em 15 de março de 1990.\n§ 1º A primeira eleição para Presidente da República após a promulgação da Constituição será realizada no dia 15\nde novembro de 1989, não se lhe aplicando o disposto no art. 16 da Constituição.\n§ 2º É ', 'criação de cargos, funções ou empregos públicos na administração direta e autárquica ou aumento de sua\nremuneração;\nb) organização administrativa e judiciária, matéria tributária e orçamentária, serviços públicos e pessoal da\nadministração dos Territórios;\nc) servidores públicos da União e Territórios, seu regime jurídico, provimento de cargos, estabilidade e\naposentadoria; \xa0\xa0\xa0\xa0\xa0\xa0\xa0\xa0\xa0\xa0 (Redação dada pela Emenda Constitucional nº 18, de 1998)\nd) organização do Ministério Público e da Defensoria Pública da União, bem como normas gerais para a\norganização do Ministério Público e da Defensoria Pública dos Estados, do Distrito Federal e dos Territórios;\ne) criação e extinção de Ministérios e órgãos da administração pública, observado o disposto no art. 84, VI;\xa0\xa0\xa0\xa0\xa0\xa0\xa0\xa0\xa0\xa0\xa0\xa0\xa0\n(Redação dada pela Emenda Constitucional nº 32, de 2001)\nf) militares das Forças Armadas, seu regime jurídico, provimento de cargos, promoções, estabilidade,\nremuneração, reforma e transferência para a reserva. \xa0\xa0\xa0\xa0\xa0\xa0\xa0\xa0\xa0\xa0\xa0\xa0 (Incluída pela Emenda Constitucional nº 18, de 1998)\n§ 2º A iniciativa popular pode ser exercida pela apresentação à Câmara dos Deputados de projeto de lei subscrito\npor, no mínimo, um por cento do eleitorado nacional, distribuído pelo menos por cinco Estados, com não menos de três\ndécimos por cento dos eleitores de cada um deles.\n\uf24e Art. 62. Em caso de relevância e urgência, o Presidente da República poderá adotar medidas provisórias, com\nforça ', 'os diretores do banco\ncentral e outros servidores, quando determinado em lei;\nXV - nomear, observado o disposto no art. 73, os Ministros do Tribunal de Contas da União;\nXVI - nomear os magistrados, nos casos previstos nesta Constituição, e o Advogado-Geral da União;\nXVII - nomear membros do Conselho da República, nos termos do art. 89, VII;\nXVIII - convocar e presidir o Conselho da República e o Conselho de Defesa Nacional;\nXIX - declarar guerra, no caso de agressão estrangeira, autorizado pelo Congresso Nacional ou referendado por\nele, quando ocorrida no intervalo das sessões legislativas, e, nas mesmas condições, decretar, total ou parcialmente, a\nmobilização nacional;\nXX - celebrar a paz, autorizado ou com o referendo do Congresso Nacional;\nXXI - conferir condecorações e distinções honoríficas;\nXXII - permitir, nos casos previstos em lei complementar, que forças estrangeiras transitem pelo território nacional\nou nele permaneçam temporariamente;\nXXIII - enviar ao Congresso Nacional o plano plurianual, o projeto de lei de diretrizes orçamentárias e as propostas\nde orçamento previstos nesta Constituição;\nXXIV - prestar, anualmente, ao Congresso Nacional, dentro de sessenta dias após a abertura da sessão\nlegislativa, as contas referentes ao exercício anterior;\nXXV - prover e extinguir os cargos públicos federais, na forma da lei;\nXXVI - editar medidas provisórias com força de lei, nos ']","De acordo com o texto, o Congresso Nacional pode autorizar referendo e convocar plebiscito, conforme o inciso XV dos trechos apresentados. Além disso, o Presidente da República também pode adotar medidas provisórias, com força de lei, em caso de relevância e urgência, mas não está explicitamente mencionado que ele possa convocar plebiscito ou referendo. No entanto, o Tribunal Superior Eleitoral também tem um papel importante na realização de plebiscitos, como mencionado no Art. 2º das Disposições Constitucionais Transitórias.","O povo exerce a soberania popular pelo sufrágio universal e voto direto e secreto, inclusive por meio de plebiscito, referendo e iniciativa popular (Art. 14).",1.0,0.9152882953253318,1.0,0.49999999995
Quais entes formam a organização político-administrativa do país?,"['I\nDA ORGANIZAÇÃO POLÍTICO-ADMINISTRATIVA\n\uf24e Art. 18. A organização político-administrativa da República Federativa do Brasil compreende a União, os\nEstados, o Distrito Federal e os Municípios, todos autônomos, nos termos desta Constituição.\n§ 1º Brasília é a Capital Federal.\n§ 2º Os Territórios Federais integram a União, e sua criação, transformação em Estado ou reintegração ao Estado\nde origem serão reguladas em lei complementar.\n§ 3º Os Estados podem incorporar-se entre si, subdividir-se ou desmembrar-se para se anexarem a outros, ou\nformarem novos Estados ou Territórios Federais, mediante aprovação da população diretamente interessada, através de\nplebiscito, e do Congresso Nacional, por lei complementar.\n§ 4º A criação, a incorporação, a fusão e o desmembramento de Municípios, far-se-ão por lei estadual, dentro do\nperíodo determinado por Lei Complementar Federal, e dependerão de consulta prévia, mediante plebiscito, às\npopulações dos Municípios envolvidos, após divulgação dos Estudos de Viabilidade Municipal, apresentados e\npublicados na forma da lei.\xa0\xa0\xa0\xa0\xa0\xa0\xa0\xa0\xa0\xa0\xa0\xa0\xa0\xa0 (Redação dada pela Emenda Constitucional nº 15, de 1996)\xa0\xa0\xa0\xa0 Vide art. 96 - ADCT \xa0\xa0\xa0\n(Vide Lei Complementar nº 230, de 2026)\n\uf24e Art. 19. É vedado à União, aos Estados, ao Distrito Federal e aos Municípios:\nI - estabelecer cultos religiosos ou igrejas, subvencioná-los, embaraçar-lhes o funcionamento ou manter com eles\nou seus representantes relações de dependência ou aliança, ressalvada, na forma ', 'rios e das massas de água represadas ou\nrepresáveis nas regiões de baixa renda, sujeitas a secas periódicas.\n§ 3º - Nas áreas a que se refere o § 2º, IV, a União incentivará a recuperação de terras áridas e cooperará com os\npequenos e médios proprietários rurais para o estabelecimento, em suas glebas, de fontes de água e de pequena\nirrigação.\n§ 4º Sempre que possível, a concessão dos incentivos regionais a que se refere o § 2º, III, considerará critérios de\nsustentabilidade ambiental e redução das emissões de carbono.\xa0\xa0\xa0 (Incluído pela Emenda Constitucional nº 132, de 2023)\nTÍTULO IV\nDA ORGANIZAÇÃO DOS PODERES\n(Redação dada pela Emenda Constitucional nº 80, de 2014)\nCAPÍTULO I\nDO PODER LEGISLATIVO\nSEÇÃO I\nDO CONGRESSO NACIONAL\n\uf24e Art. 44. O Poder Legislativo é exercido pelo Congresso Nacional, que se compõe da Câmara dos Deputados e\ndo Senado Federal.\nParágrafo único. Cada legislatura terá a duração de quatro anos.\n\uf24e Art. 45. A Câmara dos Deputados compõe-se de representantes do povo, eleitos, pelo sistema proporcional,\nem cada Estado, em cada Território e no Distrito Federal.\n§ 1º O número total de Deputados, bem como a representação por Estado e pelo Distrito Federal, será\nestabelecido por lei complementar, proporcionalmente à população, procedendo-se aos ajustes necessários, no ano\nanterior às eleições, para que nenhuma daquelas unidades ', 'o poder emana do povo, que o exerce por meio de representantes eleitos ou diretamente,\nnos termos desta Constituição.\n\uf24e Art. 2º São Poderes da União, independentes e harmônicos entre si, o Legislativo, o Executivo e o Judiciário.\n\uf24e Art. 3º Constituem objetivos fundamentais da República Federativa do Brasil:\nI - construir uma sociedade livre, justa e solidária;\nII - garantir o desenvolvimento nacional;\nIII - erradicar a pobreza e a marginalização e reduzir as desigualdades sociais e regionais;\nIV - promover o bem de todos, sem preconceitos de origem, raça, sexo, cor, idade e quaisquer outras formas de\ndiscriminação.\n\uf24e Art. 4º A República Federativa do Brasil rege-se nas suas relações internacionais pelos seguintes princípios:\nI - independência nacional;\nII - prevalência dos direitos humanos;\nIII - autodeterminação dos povos;\nIV - não-intervenção;\nV - igualdade entre os Estados;\nVI - defesa da paz;\nVII - solução pacífica dos conflitos;\nVIII - repúdio ao terrorismo e ao racismo;\nIX - cooperação entre os povos para o progresso da humanidade;\nX - concessão de asilo político.\nParágrafo único. A República Federativa do Brasil buscará a integração econômica, política, social e cultural dos\npovos da América Latina, visando à formação de uma comunidade latino-americana de nações.\nTÍTULO II\nDOS DIREITOS E GARANTIAS FUNDAMENTAIS\nCAPÍTULO I\nDOS DIREITOS E DEVERES INDIVIDUAIS E COLETIVOS\n\uf24e Art. 5º Todos são ', 'território nacional, espaço aéreo e marítimo e bens do domínio da União;\nVI - incorporação, subdivisão ou desmembramento de áreas de Territórios ou Estados, ouvidas as respectivas\nAssembléias Legislativas;\nVII - transferência temporária da sede do Governo Federal;\nVIII - concessão de anistia;\nIX - organização administrativa, judiciária, do Ministério Público e da Defensoria Pública da União e dos Territórios\ne organização judiciária e do Ministério Público do Distrito Federal;\xa0\xa0\xa0\xa0\xa0\xa0\xa0\xa0\xa0\xa0\xa0 (Redação dada pela Emenda Constitucional nº\n69, de 2012)\xa0 (Produção de efeito)\nX – criação, transformação e extinção de cargos, empregos e funções públicas, observado o que estabelece o art.\n84, VI, b;\xa0\xa0\xa0\xa0\xa0\xa0\xa0\xa0\xa0\xa0 (Redação dada pela Emenda Constitucional nº 32, de 2001)\nXI – criação e extinção de Ministérios e órgãos da administração pública;\xa0\xa0\xa0\xa0\xa0\xa0\xa0\xa0\xa0\xa0\xa0\xa0 (Redação dada pela Emenda\nConstitucional nº 32, de 2001)\nXII - telecomunicações e radiodifusão;\nXIII - matéria financeira, cambial e monetária, instituições financeiras e suas operações;\nXIV - moeda, seus limites de emissão, e montante da dívida mobiliária federal.\nXV - fixação do subsídio dos Ministros do Supremo Tribunal Federal, observado o que dispõem os arts. 39, § 4º;\n150, II; 153, III; e 153, § 2º, I.\xa0\xa0\xa0\xa0\xa0\xa0\xa0\xa0\xa0\xa0\xa0\xa0 (Redação dada pela Emenda Constitucional nº 41, 19.12.2003)\n\uf24e Art. 49. É da competência exclusiva do Congresso Nacional:\nI - resolver definitivamente sobre tratados, acordos ou ', 'criação de cargos, funções ou empregos públicos na administração direta e autárquica ou aumento de sua\nremuneração;\nb) organização administrativa e judiciária, matéria tributária e orçamentária, serviços públicos e pessoal da\nadministração dos Territórios;\nc) servidores públicos da União e Territórios, seu regime jurídico, provimento de cargos, estabilidade e\naposentadoria; \xa0\xa0\xa0\xa0\xa0\xa0\xa0\xa0\xa0\xa0 (Redação dada pela Emenda Constitucional nº 18, de 1998)\nd) organização do Ministério Público e da Defensoria Pública da União, bem como normas gerais para a\norganização do Ministério Público e da Defensoria Pública dos Estados, do Distrito Federal e dos Territórios;\ne) criação e extinção de Ministérios e órgãos da administração pública, observado o disposto no art. 84, VI;\xa0\xa0\xa0\xa0\xa0\xa0\xa0\xa0\xa0\xa0\xa0\xa0\xa0\n(Redação dada pela Emenda Constitucional nº 32, de 2001)\nf) militares das Forças Armadas, seu regime jurídico, provimento de cargos, promoções, estabilidade,\nremuneração, reforma e transferência para a reserva. \xa0\xa0\xa0\xa0\xa0\xa0\xa0\xa0\xa0\xa0\xa0\xa0 (Incluída pela Emenda Constitucional nº 18, de 1998)\n§ 2º A iniciativa popular pode ser exercida pela apresentação à Câmara dos Deputados de projeto de lei subscrito\npor, no mínimo, um por cento do eleitorado nacional, distribuído pelo menos por cinco Estados, com não menos de três\ndécimos por cento dos eleitores de cada um deles.\n\uf24e Art. 62. Em caso de relevância e urgência, o Presidente da República poderá adotar medidas provisórias, com\nforça ']","A organização político-administrativa da República Federativa do Brasil compreende a União, os Estados, o Distrito Federal e os Municípios, todos autônomos, nos termos da Constituição.","A União, os Estados, o Distrito Federal e os Municípios, todos autônomos (Art. 18).",1.0,0.7798460422773562,1.0,0.9999999999
Quais princípios a administração pública precisa seguir?,"['se essa medida bastar ao\nrestabelecimento da normalidade.\n§ 4º Cessados os motivos da intervenção, as autoridades afastadas de seus cargos a estes voltarão, salvo\nimpedimento legal.\nCAPÍTULO VII\nDA ADMINISTRAÇÃO PÚBLICA\nSEÇÃO I\nDISPOSIÇÕES GERAIS\n\uf24e Art. 37. A administração pública direta e indireta de qualquer dos Poderes da União, dos Estados, do Distrito\nFederal e dos Municípios obedecerá aos princípios de legalidade, impessoalidade, moralidade, publicidade e eficiência e,\ntambém, ao seguinte:\xa0\xa0\xa0\xa0\xa0\xa0\xa0\xa0\xa0\xa0\xa0\xa0\xa0\xa0 (Redação dada pela Emenda Constitucional nº 19, de 1998)\nI - os cargos, empregos e funções públicas são acessíveis aos brasileiros que preencham os requisitos\nestabelecidos em lei, assim como aos estrangeiros, na forma da lei;\xa0\xa0\xa0\xa0\xa0\xa0\xa0\xa0\xa0\xa0\xa0\xa0\xa0 (Redação dada pela Emenda Constitucional\nnº 19, de 1998)\nII - a investidura em cargo ou emprego público depende de aprovação prévia em concurso público de provas ou de\nprovas e títulos, de acordo com a natureza e a complexidade do cargo ou emprego, na forma prevista em lei, ressalvadas\nas nomeações para cargo em comissão declarado em lei de livre nomeação e exoneração;\xa0\xa0\xa0\xa0\xa0\xa0\xa0\xa0\xa0\xa0\xa0\xa0\xa0\xa0\xa0 (Redação dada pela\nEmenda Constitucional nº 19, de 1998)\nIII - o prazo de validade do concurso público será de até dois anos, prorrogável uma vez, por igual período;\nIV - durante o prazo improrrogável previsto no edital de convocação, aquele aprovado em concurso público de\nprovas ', 'Constituição, dentro dos prazos\nestabelecidos em lei;\nVI - prover a execução de lei federal, ordem ou decisão judicial;\nVII - assegurar a observância dos seguintes princípios constitucionais:\na) forma republicana, sistema representativo e regime democrático;\nb) direitos da pessoa humana;\nc) autonomia municipal;\nd) prestação de contas da administração pública, direta e indireta.\ne) aplicação do mínimo exigido da receita resultante de impostos estaduais, compreendida a proveniente de\ntransferências, na manutenção e desenvolvimento do ensino e nas ações e serviços públicos de saúde.\xa0\xa0\xa0\xa0\xa0\xa0\xa0\xa0\xa0\xa0\xa0 (Redação\ndada pela Emenda Constitucional nº 29, de 2000)\n\uf24e Art. 35. O Estado não intervirá em seus Municípios, nem a União nos Municípios localizados em Território\nFederal, exceto quando:\nI - deixar de ser paga, sem motivo de força maior, por dois anos consecutivos, a dívida fundada;\nII - não forem prestadas contas devidas, na forma da lei;\nIII – não tiver sido aplicado o mínimo exigido da receita municipal na manutenção e desenvolvimento do ensino e\nnas ações e serviços públicos de saúde;\xa0\xa0\xa0\xa0\xa0\xa0\xa0\xa0\xa0\xa0\xa0\xa0\xa0\xa0\xa0 (Redação dada pela Emenda Constitucional nº 29, de 2000)\nIV - o Tribunal de Justiça der provimento a representação para assegurar a observância de princípios indicados na\nConstituição Estadual, ou para prover a execução de lei, de ordem ou de decisão judicial.\n\uf24e Art. 36. A decretação da intervenção dependerá:\nI ', 'de serviços,\ndispondo sobre:\xa0\xa0\xa0\xa0\xa0\xa0\xa0\xa0 (Redação dada pela Emenda Constitucional nº 19, de 1998)\nI - sua função social e formas de fiscalização pelo Estado e pela sociedade;\xa0 \xa0 \xa0 \xa0 \xa0 \xa0 \xa0 \xa0 (Incluído pela Emenda\nConstitucional nº 19, de 1998)\nII - a sujeição ao regime jurídico próprio das empresas privadas, inclusive quanto aos direitos e obrigações civis,\ncomerciais, trabalhistas e tributários;\xa0\xa0\xa0\xa0\xa0\xa0\xa0\xa0 (Incluído pela Emenda Constitucional nº 19, de 1998)\nIII - licitação e contratação de obras, serviços, compras e alienações, observados os princípios da administração\npública;\xa0\xa0\xa0\xa0\xa0\xa0\xa0\xa0 (Incluído pela Emenda Constitucional nº 19, de 1998)\nIV - a constituição e o funcionamento dos conselhos de administração e fiscal, com a participação de acionistas\nminoritários;\xa0\xa0\xa0\xa0\xa0\xa0\xa0\xa0 (Incluído pela Emenda Constitucional nº 19, de 1998)\nV - os mandatos, a avaliação de desempenho e a responsabilidade dos administradores.\xa0 \xa0 \xa0 \xa0 \xa0 \xa0 \xa0 (Incluído pela\nEmenda Constitucional nº 19, de 1998)\n§ 2º As empresas públicas e as sociedades de economia mista não poderão gozar de privilégios fiscais não\nextensivos às do setor privado.\n§ 3º A lei regulamentará as relações da empresa pública com o Estado e a sociedade.\n§ 4º - lei reprimirá o abuso do poder econômico que vise à dominação dos mercados, à eliminação da\nconcorrência e ao aumento arbitrário dos lucros.\n§ ', '- qualquer outra despesa corrente não vinculada diretamente aos investimentos ou ações apoiados.\xa0 \xa0 \xa0 \xa0 \xa0 \xa0 \xa0 \xa0\n(Incluído pela Emenda Constitucional nº 42, de 19.12.2003)\nCAPÍTULO III\nDA EDUCAÇÃO, DA CULTURA E DO DESPORTO\nSEÇÃO I\nDA EDUCAÇÃO\n\uf24e Art. 205. A educação, direito de todos e dever do Estado e da família, será promovida e incentivada com a\ncolaboração da sociedade, visando ao pleno desenvolvimento da pessoa, seu preparo para o exercício da cidadania e\nsua qualificação para o trabalho.\n\uf24e Art. 206. O ensino será ministrado com base nos seguintes princípios:\nI - igualdade de condições para o acesso e permanência na escola;\nII - liberdade de aprender, ensinar, pesquisar e divulgar o pensamento, a arte e o saber;\nIII - pluralismo de idéias e de concepções pedagógicas, e coexistência de instituições públicas e privadas de\nensino;\nIV - gratuidade do ensino público em estabelecimentos oficiais;\nV - valorização dos profissionais da educação escolar, garantidos, na forma da lei, planos de carreira, com\ningresso exclusivamente por concurso público de provas e títulos, aos das redes públicas;\xa0\xa0\xa0\xa0\xa0\xa0\xa0\xa0 (Redação dada pela\nEmenda Constitucional nº 53, de 2006)\xa0\xa0\xa0 (Vide Lei nº 14.817, de 2024)\nVI - gestão democrática do ensino público, na forma da lei;\nVII - garantia de padrão de qualidade.\nVIII - piso salarial profissional nacional ', 'o poder emana do povo, que o exerce por meio de representantes eleitos ou diretamente,\nnos termos desta Constituição.\n\uf24e Art. 2º São Poderes da União, independentes e harmônicos entre si, o Legislativo, o Executivo e o Judiciário.\n\uf24e Art. 3º Constituem objetivos fundamentais da República Federativa do Brasil:\nI - construir uma sociedade livre, justa e solidária;\nII - garantir o desenvolvimento nacional;\nIII - erradicar a pobreza e a marginalização e reduzir as desigualdades sociais e regionais;\nIV - promover o bem de todos, sem preconceitos de origem, raça, sexo, cor, idade e quaisquer outras formas de\ndiscriminação.\n\uf24e Art. 4º A República Federativa do Brasil rege-se nas suas relações internacionais pelos seguintes princípios:\nI - independência nacional;\nII - prevalência dos direitos humanos;\nIII - autodeterminação dos povos;\nIV - não-intervenção;\nV - igualdade entre os Estados;\nVI - defesa da paz;\nVII - solução pacífica dos conflitos;\nVIII - repúdio ao terrorismo e ao racismo;\nIX - cooperação entre os povos para o progresso da humanidade;\nX - concessão de asilo político.\nParágrafo único. A República Federativa do Brasil buscará a integração econômica, política, social e cultural dos\npovos da América Latina, visando à formação de uma comunidade latino-americana de nações.\nTÍTULO II\nDOS DIREITOS E GARANTIAS FUNDAMENTAIS\nCAPÍTULO I\nDOS DIREITOS E DEVERES INDIVIDUAIS E COLETIVOS\n\uf24e Art. 5º Todos são ']","A administração pública direta e indireta de qualquer dos Poderes da União, dos Estados, do Distrito Federal e dos Municípios obedecerá aos princípios de legalidade, impessoalidade, moralidade, publicidade e eficiência.","Legalidade, impessoalidade, moralidade, publicidade e eficiência (Art. 37).",1.0,0.876485173443969,1.0,0.699999999965
O que é o Ministério Público e quais ramos ele tem?,"['limites estabelecidos na lei de diretrizes orçamentárias, exceto se previamente\nautorizadas, mediante a abertura de créditos suplementares ou especiais.\xa0\xa0\xa0\xa0\xa0\xa0\xa0\xa0 (Incluído pela Emenda Constitucional nº\n45, de 2004)\n\uf24e Art. 128. O Ministério Público abrange:\nI - o Ministério Público da União, que compreende:\na) o Ministério Público Federal;\nb) o Ministério Público do Trabalho;\nc) o Ministério Público Militar;\nd) o Ministério Público do Distrito Federal e Territórios;\nII - os Ministérios Públicos dos Estados.\n§ 1º O Ministério Público da União tem por chefe o Procurador-Geral da República, nomeado pelo Presidente da\nRepública dentre integrantes da carreira, maiores de trinta e cinco anos, após a aprovação de seu nome pela maioria\nabsoluta dos membros do Senado Federal, para mandato de dois anos, permitida a recondução.\n§ 2º A destituição do Procurador-Geral da República, por iniciativa do Presidente da República, deverá ser\nprecedida de autorização da maioria absoluta do Senado Federal.\n§ 3º Os Ministérios Públicos dos Estados e o do Distrito Federal e Territórios formarão lista tríplice dentre\nintegrantes da carreira, na forma da lei respectiva, para escolha de seu Procurador-Geral, que será nomeado pelo Chefe\ndo Poder Executivo, para mandato de dois anos, permitida uma recondução.\n§ 4º Os Procuradores-Gerais nos Estados e no Distrito Federal e Territórios poderão ser destituídos por\ndeliberação da maioria absoluta do ', 'Justiça, sob a presidência de\njuiz de direito, processar e julgar os demais crimes militares.\xa0\xa0\xa0\xa0\xa0\xa0\xa0\xa0\xa0\xa0\xa0\xa0\xa0\xa0 (Incluído pela Emenda Constitucional nº 45, de\n2004)\n§ 6º O Tribunal de Justiça poderá funcionar descentralizadamente, constituindo Câmaras regionais, a fim de\nassegurar o pleno acesso do jurisdicionado à justiça em todas as fases do processo.\xa0\xa0\xa0\xa0\xa0\xa0\xa0\xa0\xa0\xa0\xa0\xa0\xa0\xa0\xa0\xa0 (Incluído pela Emenda\nConstitucional nº 45, de 2004)\n§ 7º O Tribunal de Justiça instalará a justiça itinerante, com a realização de audiências e demais funções da\natividade jurisdicional, nos limites territoriais da respectiva jurisdição, servindo-se de equipamentos públicos e\ncomunitários.\xa0\xa0\xa0\xa0\xa0\xa0\xa0\xa0\xa0\xa0\xa0\xa0\xa0\xa0\xa0\xa0 (Incluído pela Emenda Constitucional nº 45, de 2004)\n\uf24e Art. 126. Para dirimir conflitos fundiários, o Tribunal de Justiça proporá a criação de varas especializadas, com\ncompetência exclusiva para questões agrárias.\xa0\xa0\xa0\xa0\xa0\xa0\xa0\xa0\xa0\xa0\xa0\xa0\xa0\xa0\xa0 (Redação dada pela Emenda Constitucional nº 45, de 2004)\nParágrafo único. Sempre que necessário à eficiente prestação jurisdicional, o juiz far-se-á presente no local do\nlitígio.\nCAPÍTULO IV\nDAS FUNÇÕES ESSENCIAIS À JUSTIÇA\n(Redação dada pela Emenda Constitucional nº 80, de 2014)\nSEÇÃO I\nDO MINISTÉRIO PÚBLICO\n\uf24e Art. 127. O Ministério Público é instituição permanente, essencial à função jurisdicional do Estado, incumbindo-\nlhe a defesa da ordem jurídica, do regime democrático e dos interesses sociais e individuais indisponíveis.\n§ 1º São princípios institucionais do Ministério Público a unidade, a indivisibilidade e a independência funcional.\n§ 2º ', 'as exceções previstas em lei.\xa0\xa0\xa0\xa0\xa0\xa0\xa0\xa0 (Incluída pela Emenda Constitucional nº 45, de 2004)\n§ 6º Aplica-se aos membros do Ministério Público o disposto no art. 95, parágrafo único, V.\xa0\xa0\xa0\xa0\xa0\xa0\xa0\xa0 (Incluído pela\nEmenda Constitucional nº 45, de 2004)\n\uf24e Art. 129. São funções institucionais do Ministério Público:\nI - promover, privativamente, a ação penal pública, na forma da lei;\nII - zelar pelo efetivo respeito dos Poderes Públicos e dos serviços de relevância pública aos direitos assegurados\nnesta Constituição, promovendo as medidas necessárias a sua garantia;\nIII - promover o inquérito civil e a ação civil pública, para a proteção do patrimônio público e social, do meio\nambiente e de outros interesses difusos e coletivos;\nIV - promover a ação de inconstitucionalidade ou representação para fins de intervenção da União e dos Estados,\nnos casos previstos nesta Constituição;\nV - defender judicialmente os direitos e interesses das populações indígenas;\nVI - expedir notificações nos procedimentos administrativos de sua competência, requisitando informações e\ndocumentos para instruí-los, na forma da lei complementar respectiva;\nVII - exercer o controle externo da atividade policial, na forma da lei complementar mencionada no artigo anterior;\nVIII - requisitar diligências investigatórias e a instauração de inquérito policial, indicados os fundamentos jurídicos\nde suas manifestações processuais;\nIX - exercer outras funções que lhe forem conferidas, desde ', 'Ao Ministério Público é assegurada autonomia funcional e administrativa, podendo, observado o disposto no\nart. 169, propor ao Poder Legislativo a criação e extinção de seus cargos e serviços auxiliares, provendo-os por concurso\npúblico de provas ou de provas e títulos, a política remuneratória e os planos de carreira; a lei disporá sobre sua\norganização e funcionamento.\xa0\xa0\xa0\xa0\xa0\xa0\xa0\xa0 (Redação dada pela Emenda Constitucional nº 19, de 1998)\n§ 3º O Ministério Público elaborará sua proposta orçamentária dentro dos limites estabelecidos na lei de diretrizes\norçamentárias.\n§ 4º Se o Ministério Público não encaminhar a respectiva proposta orçamentária dentro do prazo estabelecido na\nlei de diretrizes orçamentárias, o Poder Executivo considerará, para fins de consolidação da proposta orçamentária\nanual, os valores aprovados na lei orçamentária vigente, ajustados de acordo com os limites estipulados na forma do §\n3º.\xa0\xa0\xa0\xa0\xa0\xa0\xa0\xa0 (Incluído pela Emenda Constitucional nº 45, de 2004)\n§ 5º Se a proposta orçamentária de que trata este artigo for encaminhada em desacordo com os limites\nestipulados na forma do § 3º, o Poder Executivo procederá aos ajustes necessários para fins de consolidação da\nproposta orçamentária anual.\xa0\xa0\xa0\xa0\xa0\xa0\xa0\xa0 (Incluído pela Emenda Constitucional nº 45, de 2004)\n§ 6º Durante a execução orçamentária do exercício, não poderá haver a realização de despesas ou a assunção de\nobrigações que extrapolem os ', 'Poder Legislativo, na forma da lei complementar respectiva.\n§ 5º Leis complementares da União e dos Estados, cuja iniciativa é facultada aos respectivos Procuradores-\nGerais, estabelecerão a organização, as atribuições e o estatuto de cada Ministério Público, observadas, relativamente a\nseus membros:\nI - as seguintes garantias:\na) vitaliciedade, após dois anos de exercício, não podendo perder o cargo senão por sentença judicial transitada\nem julgado;\nb) inamovibilidade, salvo por motivo de interesse público, mediante decisão do órgão colegiado competente do\nMinistério Público, pelo voto da maioria absoluta de seus membros, assegurada ampla defesa;\xa0\xa0\xa0\xa0\xa0\xa0\xa0\xa0 (Redação dada pela\nEmenda Constitucional nº 45, de 2004)\nc) irredutibilidade de subsídio, fixado na forma do art. 39, § 4º, e ressalvado o disposto nos arts. 37, X e XI, 150, II,\n153, III, 153, § 2º, I;\xa0\xa0\xa0\xa0\xa0\xa0\xa0\xa0 (Redação dada pela Emenda Constitucional nº 19, de 1998)\nII - as seguintes vedações:\na) receber, a qualquer título e sob qualquer pretexto, honorários, percentagens ou custas processuais;\nb) exercer a advocacia;\nc) participar de sociedade comercial, na forma da lei;\nd) exercer, ainda que em disponibilidade, qualquer outra função pública, salvo uma de magistério;\ne) exercer atividade político-partidária;\xa0\xa0\xa0\xa0\xa0\xa0\xa0\xa0 (Redação dada pela Emenda Constitucional nº 45, de 2004)\nf) receber, a qualquer título ou pretexto, auxílios ou contribuições de pessoas físicas, entidades públicas ou\nprivadas, ressalvadas ']","O Ministério Público é uma instituição permanente, essencial à função jurisdicional do Estado, incumbindo-lhe a defesa da ordem jurídica, do regime democrático e dos interesses sociais e individuais indisponíveis. Ele abrange dois ramos principais: 

I - O Ministério Público da União, que compreende:
   a) o Ministério Público Federal;
   b) o Ministério Público do Trabalho;
   c) o Ministério Público Militar;
   d) o Ministério Público do Distrito Federal e Territórios;

II - Os Ministérios Públicos dos Estados.","Abrange o Ministério Público da União (Federal, do Trabalho, Militar, do Distrito Federal e Territórios) e os Ministérios Públicos dos Estados (Art. 128).",1.0,0.8506753845736951,1.0,0.99999999995
Quais impostos e taxas os governos podem cobrar da população?,"['direito à mobilidade urbana eficiente; e\xa0\xa0\xa0\xa0\xa0\xa0\xa0\xa0 (Incluído pela Emenda Constitucional nº 82, de\n2014)\nII - compete, no âmbito dos Estados, do Distrito Federal e dos Municípios, aos respectivos órgãos ou entidades\nexecutivos e seus agentes de trânsito, estruturados em Carreira, na forma da lei.\xa0 \xa0 \xa0 \xa0 \xa0 \xa0 \xa0 \xa0 \xa0 (Incluído pela Emenda\nConstitucional nº 82, de 2014)\nTÍTULO VI\nDA TRIBUTAÇÃO E DO ORÇAMENTO\nCAPÍTULO I\nDO SISTEMA TRIBUTÁRIO NACIONAL\nSEÇÃO I\nDOS PRINCÍPIOS GERAIS\n\uf24e Art. 145. A União, os Estados, o Distrito Federal e os Municípios poderão instituir os seguintes tributos:\nI - impostos;\nII - taxas, em razão do exercício do poder de polícia ou pela utilização, efetiva ou potencial, de serviços públicos\nespecíficos e divisíveis, prestados ao contribuinte ou postos a sua disposição;\nIII - contribuição de melhoria, decorrente de obras públicas.\n§ 1º Sempre que possível, os impostos terão caráter pessoal e serão graduados segundo a capacidade econômica\ndo contribuinte, facultado à administração tributária, especialmente para conferir efetividade a esses objetivos, identificar,\nrespeitados os direitos individuais e nos termos da lei, o patrimônio, os rendimentos e as atividades econômicas do\ncontribuinte.\n§ 2º As taxas não poderão ter base de cálculo própria de impostos.\n§ 3º O Sistema Tributário Nacional deve observar os princípios da simplicidade, da transparência, da justiça\ntributária, da cooperação ', 'forma do disposto no caput e no § 1º, assegurada a igualdade de\ntratamento em relação às aquisições internas.\xa0\xa0\xa0\xa0 (Incluído pela Emenda Constitucional nº 132, de 2023)\nSEÇÃO II\nDAS LIMITAÇÕES DO PODER DE TRIBUTAR\n\uf24e Art. 150. Sem prejuízo de outras garantias asseguradas ao contribuinte, é vedado à União, aos Estados, ao\nDistrito Federal e aos Municípios:\nI - exigir ou aumentar tributo sem lei que o estabeleça;\nII - instituir tratamento desigual entre contribuintes que se encontrem em situação equivalente, proibida qualquer\ndistinção em razão de ocupação profissional ou função por eles exercida, independentemente da denominação jurídica\ndos rendimentos, títulos ou direitos;\nIII - cobrar tributos:\na) em relação a fatos geradores ocorridos antes do início da vigência da lei que os houver instituído ou aumentado;\nb) no mesmo exercício financeiro em que haja sido publicada a lei que os instituiu ou aumentou;\xa0\xa0 (Vide Emenda\nConstitucional nº 3, de 1993)\nc) antes de decorridos noventa dias da data em que haja sido publicada a lei que os instituiu ou aumentou,\nobservado o disposto na alínea b;\xa0\xa0\xa0\xa0\xa0\xa0\xa0\xa0 (Incluído pela Emenda Constitucional nº 42, de 19.12.2003)\nIV - utilizar tributo com efeito de confisco;\nV - estabelecer limitações ao tráfego de pessoas ou bens, por meio de tributos interestaduais ou intermunicipais,\nressalvada a cobrança de pedágio pela utilização ', '1% (um por cento) do valor de mercado do produto.\xa0\xa0\xa0\xa0\xa0 (Incluído pela Emenda Constitucional nº 132, de\n2023)\n\uf24e Art. 154. A União poderá instituir:\nI - mediante lei complementar, impostos não previstos no artigo anterior, desde que sejam não-cumulativos e não\ntenham fato gerador ou base de cálculo próprios dos discriminados nesta Constituição;\nII - na iminência ou no caso de guerra externa, impostos extraordinários, compreendidos ou não em sua\ncompetência tributária, os quais serão suprimidos, gradativamente, cessadas as causas de sua criação.\nSEÇÃO IV\nDOS IMPOSTOS DOS ESTADOS E DO DISTRITO FEDERAL\n\uf24e Art. 155. Compete aos Estados e ao Distrito Federal instituir impostos sobre:\xa0 \xa0 \xa0 \xa0 \xa0 \xa0 \xa0 \xa0 (Redação dada pela\nEmenda Constitucional nº 3, de 1993)\nI - transmissão causa mortis e doação, de quaisquer bens ou direitos;\xa0 \xa0 \xa0 \xa0 \xa0 \xa0 \xa0 \xa0 (Redação dada pela Emenda\nConstitucional nº 3, de 1993)\nII - operações relativas à circulação de mercadorias e sobre prestações de serviços de transporte interestadual e\nintermunicipal e de comunicação, ainda que as operações e as prestações se iniciem no exterior;\xa0\xa0\xa0\xa0\xa0\xa0\xa0\xa0 (Redação dada\npela Emenda Constitucional nº 3, de 1993)\xa0 (Vide Emenda Constitucional nº 132, de 2023)\xa0 Vigência\nIII - propriedade de veículos automotores.\xa0\xa0\xa0\xa0\xa0\xa0\xa0\xa0 (Redação dada pela Emenda Constitucional nº 3, de 1993)\n§ 1º ', 'e atuarão com vistas a harmonizar normas, interpretações, obrigações acessórias e procedimentos a eles relativos.\xa0\xa0\xa0\xa0\n(Incluído pela Emenda Constitucional nº 132, de 2023)\n§ 7º O Comitê Gestor do Imposto sobre Bens e Serviços e a administração tributária da União poderão\nimplementar soluções integradas para a administração e cobrança dos tributos previstos nos arts. 156-A e 195, V.\xa0\xa0\xa0\xa0\n(Incluído pela Emenda Constitucional nº 132, de 2023)\n§ 8º Lei complementar poderá prever a integração do contencioso administrativo relativo aos tributos previstos nos\narts. 156-A e 195, V.\xa0\xa0\xa0\xa0 (Incluído pela Emenda Constitucional nº 132, de 2023)\nSEÇÃO VI\nDA REPARTIÇÃO DAS RECEITAS TRIBUTÁRIAS\n\uf24e Art. 157. Pertencem aos Estados e ao Distrito Federal:\nI - o produto da arrecadação do imposto da União sobre renda e proventos de qualquer natureza, incidente na\nfonte, sobre rendimentos pagos, a qualquer título, por eles, suas autarquias e pelas fundações que instituírem e\nmantiverem;\nII - vinte por cento do produto da arrecadação do imposto que a União instituir no exercício da competência que lhe\né atribuída pelo art. 154, I.\n\uf24e Art. 158. Pertencem aos Municípios:\nI - o produto da arrecadação do imposto da União sobre renda e proventos de qualquer natureza, incidente na\nfonte, sobre rendimentos pagos, a qualquer título, por eles, suas autarquias e pelas fundações que instituírem ', 'Estados, ao Distrito Federal e aos Municípios estabelecer diferença tributária entre\nbens e serviços, de qualquer natureza, em razão de sua procedência ou destino.\nSEÇÃO III\nDOS IMPOSTOS DA UNIÃO\n\uf24e Art. 153. Compete à União instituir impostos sobre:\nI - importação de produtos estrangeiros;\nII - exportação, para o exterior, de produtos nacionais ou nacionalizados;\nIII - renda e proventos de qualquer natureza;\nIV - produtos industrializados;\nV - operações de crédito, câmbio e seguro, ou relativas a títulos ou valores mobiliários;\nVI - propriedade territorial rural;\nVII - grandes fortunas, nos termos de lei complementar.\nVIII - produção, extração, comercialização ou importação de bens e serviços prejudiciais à saúde ou ao meio\nambiente, nos termos de lei complementar.\xa0\xa0\xa0\xa0 (Incluído pela Emenda Constitucional nº 132, de 2023)\n§ 1º É facultado ao Poder Executivo, atendidas as condições e os limites estabelecidos em lei, alterar as alíquotas\ndos impostos enumerados nos incisos I, II, IV e V.\n§ 2º O imposto previsto no inciso III:\nI - será informado pelos critérios da generalidade, da universalidade e da progressividade, na forma da lei;\nII -\xa0\xa0\xa0\xa0\xa0\xa0\xa0\xa0\xa0 \xa0 (Revogado pela Emenda Constitucional nº 20, de 1998)\n§ 3º O imposto previsto no inciso IV:\nI - será seletivo, em função da essencialidade do produto;\nII - será não-cumulativo, compensando-se o que for devido em ']","De acordo com os trechos fornecidos, os governos podem instituir os seguintes impostos e taxas:

Impostos:
- Importação de produtos estrangeiros;
- Exportação, para o exterior, de produtos nacionais ou nacionalizados;
- Renda e proventos de qualquer natureza;
- Produtos industrializados;
- Operações de crédito, câmbio e seguro, ou relativas a títulos ou valores mobiliários;
- Propriedade territorial rural;
- Grandes fortunas, nos termos de lei complementar;
- Produção, extração, comercialização ou importação de bens e serviços prejudiciais à saúde ou ao meio ambiente, nos termos de lei complementar.

Taxas:
- Em razão do exercício do poder de polícia;
- Pela utilização, efetiva ou potencial, de serviços públicos específicos e divisíveis, prestados ao contribuinte ou postos a sua disposição.

Além disso, os Estados e o Distrito Federal podem instituir impostos sobre:
- Transmissão causa mortis e doação, de quaisquer bens ou direitos;
- Operações relativas à circulação de mercadorias e sobre prestações de serviços de transporte interestadual e intermunicipal e de comunicação;
- Propriedade de veículos automotores.

Os Municípios também podem instituir impostos sobre propriedade predial e territorial urbana, e sobre serviços de qualquer natureza.","Impostos, taxas (pelo poder de polícia ou por serviços públicos) e contribuições de melhoria (Art. 145).",0.8666666666666667,0.9122721762323328,1.0,0.9999999999
Como funciona a aposentadoria de quem trabalha no serviço público?,"['aposentadoria concedida com a utilização de tempo de contribuição decorrente de cargo, emprego ou\nfunção pública, inclusive do Regime Geral de Previdência Social, acarretará o rompimento do vínculo que gerou o\nreferido tempo de contribuição.\xa0\xa0\xa0\xa0\xa0\xa0\xa0\xa0 \xa0 (Incluído pela Emenda Constitucional nº 103, de 2019)\n§ 15. É vedada a complementação de aposentadorias de servidores públicos e de pensões por morte a seus\ndependentes que não seja decorrente do disposto nos §§ 14 a 16 do art. 40 ou que não seja prevista em lei que\nextinga regime próprio de previdência social.\xa0\xa0\xa0\xa0\xa0\xa0\xa0\xa0\xa0\xa0 (Incluído pela Emenda Constitucional nº 103, de 2019)\n§ 16. Os órgãos e entidades da administração pública, individual ou conjuntamente, devem realizar avaliação das\npolíticas públicas, inclusive com divulgação do objeto a ser avaliado e dos resultados alcançados, na forma da lei.\xa0\xa0\xa0\xa0\xa0\xa0\n(Incluído pela Emenda Constitucional nº 109, de 2021)\n\uf24e Art. 38. Ao servidor público da administração direta, autárquica e fundacional, no exercício de mandato eletivo,\naplicam-se as seguintes disposições:\xa0\xa0\xa0\xa0\xa0\xa0\xa0\xa0\xa0\xa0\xa0\xa0\xa0\xa0\xa0 (Redação dada pela Emenda Constitucional nº 19, de 1998)\nI - tratando-se de mandato eletivo federal, estadual ou distrital, ficará afastado de seu cargo, emprego ou função;\nII - investido no mandato de Prefeito, será afastado do cargo, emprego ou função, sendo-lhe facultado optar pela\nsua remuneração;\nIII - investido no mandato ', 'servidores ativos, de aposentados e\nde pensionistas, observados critérios que preservem o equilíbrio financeiro e atuarial.\xa0\xa0\xa0\xa0\xa0\xa0\xa0\xa0\xa0\xa0 (Redação dada pela\nEmenda Constitucional nº 103, de 2019)\n§ 1º O servidor abrangido por regime próprio de previdência social será aposentado: \xa0\xa0\xa0\xa0\xa0\xa0\xa0\xa0\xa0 (Redação dada pela\nEmenda Constitucional nº 103, de 2019)\nI - por incapacidade permanente para o trabalho, no cargo em que estiver investido, quando insuscetível de\nreadaptação, hipótese em que será obrigatória a realização de avaliações periódicas para verificação da continuidade\ndas condições que ensejaram a concessão da aposentadoria, na forma de lei do respectivo ente federativo;\xa0\xa0\xa0\xa0\xa0\xa0\xa0\xa0\xa0\xa0\n(Redação dada pela Emenda Constitucional nº 103, de 2019)\nII - compulsoriamente, com proventos proporcionais ao tempo de contribuição, aos 70 (setenta) anos de idade,\nou aos 75 (setenta e cinco) anos de idade, na forma de lei complementar;\xa0\xa0\xa0\xa0\xa0\xa0\xa0\xa0\xa0\xa0\xa0 \xa0\xa0\xa0\xa0 (Redação dada pela Emenda\nConstitucional nº 88, de 2015)\xa0\xa0\xa0\xa0\xa0\xa0\xa0\xa0 (Vide Lei Complementar nº 152, de 2015)\nIII - no âmbito da União, aos 62 (sessenta e dois) anos de idade, se mulher, e aos 65 (sessenta e cinco) anos\nde idade, se homem, e, no âmbito dos Estados, do Distrito Federal e dos Municípios, na idade mínima estabelecida\nmediante emenda às respectivas Constituições e Leis Orgânicas, observados o tempo de contribuição e os demais\nrequisitos estabelecidos em lei complementar ', 'cidadãos que foram impedidos de exercer, na vida civil, atividade profissional específica, em decorrência\ndas Portarias Reservadas do Ministério da Aeronáutica nº S-50-GM5, de 19 de junho de 1964, e nº S-285-GM5 será\nconcedida reparação de natureza econômica, na forma que dispuser lei de iniciativa do Congresso Nacional e a entrar\nem vigor no prazo de doze meses a contar da promulgação da Constituição.\n§ 4º Aos que, por força de atos institucionais, tenham exercido gratuitamente mandato eletivo de vereador serão\ncomputados, para efeito de aposentadoria no serviço público e previdência social, os respectivos períodos.\n§ 5º A anistia concedida nos termos deste artigo aplica-se aos servidores públicos civis e aos empregados em\ntodos os níveis de governo ou em suas fundações, empresas públicas ou empresas mistas sob controle estatal, exceto\nnos Ministérios militares, que tenham sido punidos ou demitidos por atividades profissionais interrompidas em virtude de\ndecisão de seus trabalhadores, bem como em decorrência do Decreto-Lei nº 1.632, de 4 de agosto de 1978, ou por\nmotivos exclusivamente políticos, assegurada a readmissão dos que foram atingidos a partir de 1979, observado o\ndisposto no § 1º.\nArt. 9º. Os que, por motivos exclusivamente políticos, foram cassados ou tiveram seus direitos políticos suspensos\nno período de 15 de julho a 31 de dezembro ', 'regime próprio de previdência social, ressalvado o disposto no § 16. \xa0 \xa0 \xa0 \xa0 \xa0 \xa0 \xa0 \xa0 \xa0 \xa0 (Redação dada pela Emenda\nConstitucional nº 103, de 2019)\n§ 15. O regime de previdência complementar de que trata o § 14 oferecerá plano de benefícios somente na\nmodalidade contribuição definida, observará o disposto no art. 202 e será efetivado por intermédio de entidade\nfechada de previdência complementar ou de entidade aberta de previdência complementar. \xa0\xa0\xa0\xa0\xa0\xa0\xa0\xa0 \xa0 (Redação dada\npela Emenda Constitucional nº 103, de 2019)\n§ 16 - Somente mediante sua prévia e expressa opção, o disposto nos\xa0 §§ 14 e 15 poderá ser aplicado ao servidor\nque tiver ingressado no serviço público até a data da publicação do ato de instituição do correspondente regime de\nprevidência complementar.\xa0\xa0\xa0\xa0\xa0\xa0\xa0 \xa0\xa0\xa0\xa0 (Incluído pela Emenda Constitucional nº 20, de 15/12/98)\n§ 17. Todos os valores de remuneração considerados para o cálculo do benefício previsto no § 3° serão\ndevidamente atualizados, na forma da lei.\xa0\xa0\xa0\xa0\xa0\xa0\xa0\xa0\xa0\xa0\xa0\xa0\xa0\xa0\xa0\xa0\xa0 (Incluído pela Emenda Constitucional nº 41, 19.12.2003)\n§ 18. Incidirá contribuição sobre os proventos de aposentadorias e pensões concedidas pelo regime de que trata\neste artigo que superem o limite máximo estabelecido para os benefícios do regime geral de previdência social de que\ntrata o art. 201, com percentual igual ', 'soma total dos proventos de inatividade, inclusive quando\ndecorrentes da acumulação de cargos ou empregos públicos, bem como de outras atividades sujeitas a contribuição para\no regime geral de previdência social, e ao montante resultante da adição de proventos de inatividade com remuneração\nde cargo acumulável na forma desta Constituição, cargo em comissão declarado em lei de livre nomeação e exoneração,\ne de cargo eletivo.\xa0\xa0\xa0\xa0\xa0 \xa0\xa0\xa0\xa0 (Incluído pela Emenda Constitucional nº 20, de 15/12/98)\n§ 12. Além do disposto neste artigo, serão observados, em regime próprio de previdência social, no que couber,\nos requisitos e critérios fixados para o Regime Geral de Previdência Social.\xa0\xa0\xa0\xa0\xa0\xa0\xa0\xa0\xa0 \xa0 (Redação dada pela Emenda\nConstitucional nº 103, de 2019)\n§ 13. Aplica-se ao agente público ocupante, exclusivamente, de cargo em comissão declarado em lei de livre\nnomeação e exoneração, de outro cargo temporário, inclusive mandato eletivo, ou de emprego público, o Regime\nGeral de Previdência Social.\xa0\xa0\xa0\xa0\xa0\xa0\xa0\xa0\xa0 \xa0 (Redação dada pela Emenda Constitucional nº 103, de 2019)\n§ 14. A União, os Estados, o Distrito Federal e os Municípios instituirão, por lei de iniciativa do respectivo Poder\nExecutivo, regime de previdência complementar para servidores públicos ocupantes de cargo efetivo, observado o\nlimite máximo dos benefícios do Regime Geral de Previdência Social para o valor das aposentadorias e das pensões\nem ']","A aposentadoria de quem trabalha no serviço público é regulamentada por regime próprio de previdência social. De acordo com os trechos fornecidos, o servidor abrangido por regime próprio de previdência social será aposentado:

- por incapacidade permanente para o trabalho, no cargo em que estiver investido, quando insuscetível de readaptação;
- compulsoriamente, com proventos proporcionais ao tempo de contribuição, aos 70 (setenta) anos de idade, ou aos 75 (setenta e cinco) anos de idade;
- no âmbito da União, aos 62 (sessenta e dois) anos de idade, se mulher, e aos 65 (sessenta e cinco) anos de idade, se homem, e, no âmbito dos Estados, do Distrito Federal e dos Municípios, na idade mínima estabelecida mediante emenda às respectivas Constituições e Leis Orgânicas, observados o tempo de contribuição e os demais requisitos estabelecidos em lei complementar.

Além disso, a aposentadoria concedida com a utilização de tempo de contribuição decorrente de cargo, emprego ou função pública acarretará o rompimento do vínculo que gerou o referido tempo de contribuição.","Regime próprio de previdência social, de caráter contributivo e solidário, com contribuição do ente federativo, dos servidores ativos, aposentados e pensionistas (Art. 40).",0.7777777777777778,0.8326934549838475,1.0,0.6999999999766667
O que o Supremo Tribunal Federal tem o poder de julgar?,"['Emenda Constitucional nº 136, de 2025)\nSEÇÃO II\nDO SUPREMO TRIBUNAL FEDERAL\nArt. 101. O Supremo Tribunal Federal compõe-se de onze Ministros, escolhidos dentre cidadãos com mais de\ntrinta e cinco e menos de setenta anos de idade, de notável saber jurídico e reputação ilibada.\xa0\xa0 (Redação dada pela\nEmenda Constitucional nº 122, de 2022)\nParágrafo único. Os Ministros do Supremo Tribunal Federal serão nomeados pelo Presidente da República, depois\nde aprovada a escolha pela maioria absoluta do Senado Federal.\n\uf24e Art. 102. Compete ao Supremo Tribunal Federal, precipuamente, a guarda da Constituição, cabendo-lhe:\nI - processar e julgar, originariamente:\na) a ação direta de inconstitucionalidade de lei ou ato normativo federal ou estadual e a ação declaratória de\nconstitucionalidade de lei ou ato normativo federal;\xa0\xa0\xa0\xa0\xa0\xa0\xa0\xa0\xa0\xa0\xa0\xa0 (Redação dada pela Emenda Constitucional nº 3, de 1993)\nb) nas infrações penais comuns, o Presidente da República, o Vice-Presidente, os membros do Congresso\nNacional, seus próprios Ministros e o Procurador-Geral da República;\nc) nas infrações penais comuns e nos crimes de responsabilidade, os Ministros de Estado e os Comandantes da\nMarinha, do Exército e da Aeronáutica, ressalvado o disposto no art. 52, I, os membros dos Tribunais Superiores, os do\nTribunal de Contas da União e os chefes de missão diplomática de caráter permanente;\xa0\xa0\xa0\xa0\xa0\xa0\xa0\xa0\xa0\xa0\xa0\xa0\xa0 (Redação dada pela\nEmenda Constitucional nº 23, ', 'declarar a inconstitucionalidade de tratado ou lei federal;\nc) julgar válida lei ou ato de governo local contestado em face desta Constituição.\nd) julgar válida lei local contestada em face de lei federal.\xa0\xa0\xa0\xa0\xa0\xa0\xa0\xa0\xa0\xa0\xa0\xa0\xa0\xa0\xa0\xa0 (Incluída pela Emenda Constitucional nº 45, de\n2004)\n§ 1.º A argüição de descumprimento de preceito fundamental, decorrente desta Constituição, será apreciada pelo\nSupremo Tribunal Federal, na forma da lei.\xa0 \xa0 \xa0 \xa0 \xa0 \xa0 \xa0 \xa0 \xa0 \xa0 \xa0 \xa0 \xa0 (Transformado do parágrafo único em § 1º pela Emenda\nConstitucional nº 3, de 17/03/93)\n§ 2º As decisões definitivas de mérito, proferidas pelo Supremo Tribunal Federal, nas ações diretas de\ninconstitucionalidade e nas ações declaratórias de constitucionalidade produzirão eficácia contra todos e efeito\nvinculante, relativamente aos demais órgãos do Poder Judiciário e à administração pública direta e indireta, nas esferas\nfederal, estadual e municipal.\xa0\xa0\xa0\xa0\xa0\xa0\xa0\xa0\xa0\xa0\xa0\xa0\xa0\xa0\xa0 (Redação dada pela Emenda Constitucional nº 45, de 2004)\xa0\xa0\xa0\xa0\xa0 (Vide ADIN 3392)\n§ 3º No recurso extraordinário o recorrente deverá demonstrar a repercussão geral das questões constitucionais\ndiscutidas no caso, nos termos da lei, a fim de que o Tribunal examine a admissão do recurso, somente podendo recusá-\nlo pela manifestação de dois terços de seus membros.\xa0\xa0\xa0\xa0\xa0\xa0\xa0\xa0\xa0\xa0\xa0\xa0\xa0 (Incluída pela Emenda Constitucional nº 45, de 2004)\xa0\xa0\xa0\n\uf24e Art. 103. Podem propor a ação direta de inconstitucionalidade ', 'facultada a delegação de atribuições para\na prática de atos processuais;\nn) a ação em que todos os membros da magistratura sejam direta ou indiretamente interessados, e aquela em que\nmais da metade dos membros do tribunal de origem estejam impedidos ou sejam direta ou indiretamente interessados;\no) os conflitos de competência entre o Superior Tribunal de Justiça e quaisquer tribunais, entre Tribunais\nSuperiores, ou entre estes e qualquer outro tribunal;\np) o pedido de medida cautelar das ações diretas de inconstitucionalidade;\nq) o mandado de injunção, quando a elaboração da norma regulamentadora for atribuição do Presidente da\nRepública, do Congresso Nacional, da Câmara dos Deputados, do Senado Federal, das Mesas de uma dessas Casas\nLegislativas, do Tribunal de Contas da União, de um dos Tribunais Superiores, ou do próprio Supremo Tribunal Federal;\nr) as ações contra o Conselho Nacional de Justiça e contra o Conselho Nacional do Ministério Público;\xa0\xa0\xa0\xa0\xa0\xa0\xa0\xa0\xa0\xa0\xa0\xa0\xa0\xa0\xa0\n(Incluída pela Emenda Constitucional nº 45, de 2004)\xa0\xa0\nII - julgar, em recurso ordinário:\na) o habeas corpus, o mandado de segurança, o habeas data e o mandado de injunção decididos em única\ninstância pelos Tribunais Superiores, se denegatória a decisão;\nb) o crime político;\nIII - julgar, mediante recurso extraordinário, as causas decididas em única ou última instância, quando a decisão\nrecorrida:\na) contrariar dispositivo desta Constituição;\nb) ', 'Constitucional nº 122, de 2022)\nI - um terço dentre juízes dos Tribunais Regionais Federais e um terço dentre desembargadores dos Tribunais de\nJustiça, indicados em lista tríplice elaborada pelo próprio Tribunal;\nII - um terço, em partes iguais, dentre advogados e membros do Ministério Público Federal, Estadual, do Distrito\nFederal e Territórios, alternadamente, indicados na forma do art. 94.\n\uf24e Art. 105. Compete ao Superior Tribunal de Justiça:\nI - processar e julgar, originariamente:\na) nos crimes comuns, os Governadores dos Estados e do Distrito Federal, e, nestes e nos de responsabilidade,\nos desembargadores dos Tribunais de Justiça dos Estados e do Distrito Federal, os membros dos Tribunais de Contas\ndos Estados e do Distrito Federal, os dos Tribunais Regionais Federais, dos Tribunais Regionais Eleitorais e do Trabalho,\nos membros dos Conselhos ou Tribunais de Contas dos Municípios e os do Ministério Público da União que oficiem\nperante tribunais;\nb) os mandados de segurança e os habeas data contra ato de Ministro de Estado, dos Comandantes da Marinha,\ndo Exército e da Aeronáutica ou do próprio Tribunal; \xa0\xa0\xa0\xa0\xa0\xa0\xa0\xa0\xa0\xa0\xa0\xa0\xa0\xa0 (Redação dada pela Emenda Constitucional nº 23, de\n1999)\nc) os habeas corpus, quando o coator ou paciente for qualquer das pessoas mencionadas na alínea a, ou quando\no coator for tribunal sujeito à sua jurisdição, Ministro ', 'Constitucional nº 45, de 2004)\nArt. 103-A. O Supremo Tribunal Federal poderá, de ofício ou por provocação, mediante decisão de dois terços dos\nseus membros, após reiteradas decisões sobre matéria constitucional, aprovar súmula que, a partir de sua publicação na\nimprensa oficial, terá efeito vinculante em relação aos demais órgãos do Poder Judiciário e à administração pública direta\ne indireta, nas esferas federal, estadual e municipal, bem como proceder à sua revisão ou cancelamento, na forma\nestabelecida em lei.\xa0\xa0\xa0\xa0\xa0\xa0\xa0\xa0\xa0\xa0\xa0\xa0\xa0 (Incluído pela Emenda Constitucional nº 45, de 2004)\xa0\xa0\xa0 (Vide Lei nº 11.417, de 2006).\n§ 1º A súmula terá por objetivo a validade, a interpretação e a eficácia de normas determinadas, acerca das quais\nhaja controvérsia atual entre órgãos judiciários ou entre esses e a administração pública que acarrete grave insegurança\njurídica e relevante multiplicação de processos sobre questão idêntica.\xa0\xa0\xa0\xa0\xa0\xa0\xa0\xa0\xa0\xa0\xa0\xa0\xa0\xa0\xa0 (Incluído pela Emenda Constitucional nº\n45, de 2004)\n§ 2º Sem prejuízo do que vier a ser estabelecido em lei, a aprovação, revisão ou cancelamento de súmula poderá\nser provocada por aqueles que podem propor a ação direta de inconstitucionalidade.\xa0\xa0\xa0\xa0\xa0\xa0\xa0\xa0\xa0\xa0\xa0\xa0\xa0\xa0 (Incluído pela Emenda\nConstitucional nº 45, de 2004)\n§ 3º Do ato administrativo ou decisão judicial que contrariar a súmula aplicável ou que indevidamente a aplicar,\ncaberá reclamação ao Supremo Tribunal Federal que, julgando-a procedente, ']","O Supremo Tribunal Federal tem o poder de julgar:

- A ação direta de inconstitucionalidade de lei ou ato normativo federal ou estadual e a ação declaratória de constitucionalidade de lei ou ato normativo federal;
- Nas infrações penais comuns, o Presidente da República, o Vice-Presidente, os membros do Congresso Nacional, seus próprios Ministros e o Procurador-Geral da República;
- Nas infrações penais comuns e nos crimes de responsabilidade, os Ministros de Estado e os Comandantes da Marinha, do Exército e da Aeronáutica, ressalvado o disposto no art. 52, I, os membros dos Tribunais Superiores, os do Tribunal de Contas da União e os chefes de missão diplomática de caráter permanente;
- Declarar a inconstitucionalidade de tratado ou lei federal;
- Julgar válida lei ou ato de governo local contestado em face desta Constituição;
- Julgar válida lei local contestada em face de lei federal.

Além disso, o Supremo Tribunal Federal também tem o poder de julgar, em recurso ordinário, o habeas corpus, o mandado de segurança, o habeas data e o mandado de injunção decididos em única instância pelos Tribunais Superiores, se denegatória a decisão, e o crime político.

E, em recurso extraordinário, as causas decididas em única ou última instância, quando a decisão recorrida contrariar dispositivo desta Constituição.","Compete ao STF, precipuamente, a guarda da Constituição, incluindo julgar ações diretas de inconstitucionalidade, entre outras competências originárias (Art. 102).",1.0,0.8864289080095683,1.0,0.9999999999666667
O que a lei diz sobre a proteção da família e do casamento?,"['não\npoderão ser instaladas.\n§ 7º Para fins do disposto na parte final do inciso VII do § 1º deste artigo, não se consideram cruéis as práticas\ndesportivas que utilizem animais, desde que sejam manifestações culturais, conforme o § 1º do art. 215 desta\nConstituição Federal, registradas como bem de natureza imaterial integrante do patrimônio cultural brasileiro, devendo\nser regulamentadas por lei específica que assegure o bem-estar dos animais envolvidos.\xa0\xa0\xa0\xa0\xa0\xa0\xa0\xa0 \xa0 (Incluído pela Emenda\nConstitucional nº 96, de 2017)\nCAPÍTULO VII\nDA FAMÍLIA, DA CRIANÇA, DO ADOLESCENTE, DO JOVEM E DO IDOSO\n(Redação dada Pela Emenda Constitucional nº 65, de 2010)\n\uf24e Art. 226. A família, base da sociedade, tem especial proteção do Estado.\n§ 1º O casamento é civil e gratuita a celebração.\n§ 2º O casamento religioso tem efeito civil, nos termos da lei.\n§ 3º Para efeito da proteção do Estado, é reconhecida a união estável entre o homem e a mulher como entidade\nfamiliar, devendo a lei facilitar sua conversão em casamento.\xa0\xa0\xa0\xa0 (Regulamento)\n§ 4º Entende-se, também, como entidade familiar a comunidade formada por qualquer dos pais e seus\ndescendentes.\n§ 5º Os direitos e deveres referentes à sociedade conjugal são exercidos igualmente pelo homem e pela mulher.\n§ 6º O casamento civil pode ser dissolvido pelo divórcio.\xa0\xa0\xa0\xa0\xa0\xa0\xa0\xa0 (Redação dada Pela Emenda Constitucional nº ', 'e respeito à condição peculiar de pessoa em\ndesenvolvimento, quando da aplicação de qualquer medida privativa da liberdade;\nVI - estímulo do Poder Público, através de assistência jurídica, incentivos fiscais e subsídios, nos termos da lei, ao\nacolhimento, sob a forma de guarda, de criança ou adolescente órfão ou abandonado;\nVII - programas de prevenção e atendimento especializado à criança, ao adolescente e ao jovem dependente\nde entorpecentes e drogas afins.\xa0\xa0\xa0\xa0\xa0\xa0\xa0\xa0 (Redação dada Pela Emenda Constitucional nº 65, de 2010)\n§ 4º A lei punirá severamente o abuso, a violência e a exploração sexual da criança e do adolescente.\n§ 5º A adoção será assistida pelo Poder Público, na forma da lei, que estabelecerá casos e condições de sua\nefetivação por parte de estrangeiros.\n§ 6º Os filhos, havidos ou não da relação do casamento, ou por adoção, terão os mesmos direitos e qualificações,\nproibidas quaisquer designações discriminatórias relativas à filiação.\n§ 7º No atendimento dos direitos da criança e do adolescente levar-se- á em consideração o disposto no art. 204.\n§ 8º A lei estabelecerá:\xa0\xa0\xa0\xa0\xa0\xa0\xa0\xa0 (Incluído Pela Emenda Constitucional nº 65, de 2010)\nI - o estatuto da juventude, destinado a regular os direitos dos jovens;\xa0 \xa0 \xa0 \xa0 \xa0 \xa0 \xa0 \xa0 (Incluído Pela Emenda\nConstitucional nº 65, de 2010)\nII - o ', 'decorrentes de sua atividade produtiva, dispondo a lei sobre os meios de financiar o\nseu desenvolvimento;\nXXVII - aos autores pertence o direito exclusivo de utilização, publicação ou reprodução de suas obras,\ntransmissível aos herdeiros pelo tempo que a lei fixar;\nXXVIII - são assegurados, nos termos da lei:\na) a proteção às participações individuais em obras coletivas e à reprodução da imagem e voz humanas, inclusive\nnas atividades desportivas;\nb) o direito de fiscalização do aproveitamento econômico das obras que criarem ou de que participarem aos\ncriadores, aos intérpretes e às respectivas representações sindicais e associativas;\nXXIX - a lei assegurará aos autores de inventos industriais privilégio temporário para sua utilização, bem como\nproteção às criações industriais, à propriedade das marcas, aos nomes de empresas e a outros signos distintivos, tendo\nem vista o interesse social e o desenvolvimento tecnológico e econômico do País;\nXXX - é garantido o direito de herança;\nXXXI - a sucessão de bens de estrangeiros situados no País será regulada pela lei brasileira em benefício do\ncônjuge ou dos filhos brasileiros, sempre que não lhes seja mais favorável a lei pessoal do ""de cujus"";\nXXXII - o Estado promoverá, na forma da lei, a defesa do consumidor;\nXXXIII - todos têm direito a receber dos órgãos públicos informações de seu ', 'quando a defesa da intimidade ou o interesse\nsocial o exigirem;\nLXI - ninguém será preso senão em flagrante delito ou por ordem escrita e fundamentada de autoridade judiciária\ncompetente, salvo nos casos de transgressão militar ou crime propriamente militar, definidos em lei;\nLXII - a prisão de qualquer pessoa e o local onde se encontre serão comunicados imediatamente ao juiz\ncompetente e à família do preso ou à pessoa por ele indicada;\nLXIII - o preso será informado de seus direitos, entre os quais o de permanecer calado, sendo-lhe assegurada a\nassistência da família e de advogado;\nLXIV - o preso tem direito à identificação dos responsáveis por sua prisão ou por seu interrogatório policial;\nLXV - a prisão ilegal será imediatamente relaxada pela autoridade judiciária;\nLXVI - ninguém será levado à prisão ou nela mantido, quando a lei admitir a liberdade provisória, com ou sem\nfiança;\nLXVII - não haverá prisão civil por dívida, salvo a do responsável pelo inadimplemento voluntário e inescusável de\nobrigação alimentícia e a do depositário infiel;\nLXVIII - conceder-se-á habeas corpus sempre que alguém sofrer ou se achar ameaçado de sofrer violência ou\ncoação em sua liberdade de locomoção, por ilegalidade ou abuso de poder;\nLXIX - conceder-se-á mandado de segurança para proteger direito líquido e certo, não amparado ', '66,\nde 2010)\n§ 7º Fundado nos princípios da dignidade da pessoa humana e da paternidade responsável, o planejamento\nfamiliar é livre decisão do casal, competindo ao Estado propiciar recursos educacionais e científicos para o exercício\ndesse direito, vedada qualquer forma coercitiva por parte de instituições oficiais ou privadas.\xa0\xa0\xa0 Regulamento\n§ 8º O Estado assegurará a assistência à família na pessoa de cada um dos que a integram, criando mecanismos\npara coibir a violência no âmbito de suas relações.\n\uf24e Art. 227. É dever da família, da sociedade e do Estado assegurar à criança, ao adolescente e ao jovem,\ncom absoluta prioridade, o direito à vida, à saúde, à alimentação, à educação, ao lazer, à profissionalização, à cultura,\nà dignidade, ao respeito, à liberdade e à convivência familiar e comunitária, além de colocá-los a salvo de toda forma\nde negligência, discriminação, exploração, violência, crueldade e opressão.\xa0 \xa0 \xa0 \xa0 \xa0 \xa0 \xa0 \xa0 (Redação dada Pela Emenda\nConstitucional nº 65, de 2010)\n§ 1º O Estado promoverá programas de assistência integral à saúde da criança, do adolescente e do jovem,\nadmitida a participação de entidades não governamentais, mediante políticas específicas e obedecendo aos seguintes\npreceitos:\xa0\xa0\xa0\xa0\xa0\xa0\xa0\xa0 (Redação dada Pela Emenda Constitucional nº 65, de 2010)\nI - aplicação de percentual dos recursos públicos destinados à saúde ']","A família, base da sociedade, tem especial proteção do Estado (Art. 226). O casamento é civil e gratuita a celebração, e o casamento religioso tem efeito civil, nos termos da lei (§ 1º e § 2º do Art. 226). Além disso, é reconhecida a união estável entre o homem e a mulher como entidade familiar, devendo a lei facilitar sua conversão em casamento (§ 3º do Art. 226). Os direitos e deveres referentes à sociedade conjugal são exercidos igualmente pelo homem e pela mulher (§ 5º do Art. 226). O casamento civil pode ser dissolvido pelo divórcio (§ 6º do Art. 226).",A família é a base da sociedade e tem especial proteção do Estado; o casamento é civil e sua celebração é gratuita (Art. 226).,1.0,0.8061926977170718,1.0,0.9999999999
Quais tribunais e órgãos fazem parte do Poder Judiciário?,"['à segurança do território nacional e\nopinar sobre seu efetivo uso, especialmente na faixa de fronteira e nas relacionadas com a preservação e a exploração\ndos recursos naturais de qualquer tipo;\nIV - estudar, propor e acompanhar o desenvolvimento de iniciativas necessárias a garantir a independência\nnacional e a defesa do Estado democrático.\n§ 2º A lei regulará a organização e o funcionamento do Conselho de Defesa Nacional.\xa0\xa0\xa0 (Vide Lei nº 8.183, de\n1991)\nCAPÍTULO III\nDO PODER JUDICIÁRIO\nSEÇÃO I\nDISPOSIÇÕES GERAIS\n\uf24e Art. 92. São órgãos do Poder Judiciário:\nI - o Supremo Tribunal Federal;\nI-A o Conselho Nacional de Justiça;\xa0\xa0\xa0\xa0\xa0\xa0\xa0\xa0\xa0\xa0\xa0\xa0 (Incluído pela Emenda Constitucional nº 45, de 2004)\xa0\xa0\xa0\xa0\nII - o Superior Tribunal de Justiça;\nII-A - o Tribunal Superior do Trabalho;\xa0\xa0\xa0\xa0\xa0\xa0\xa0\xa0\xa0\xa0\xa0\xa0\xa0\xa0\xa0\xa0 (Incluído pela Emenda Constitucional nº 92, de 2016)\nIII - os Tribunais Regionais Federais e Juízes Federais;\nIV - os Tribunais e Juízes do Trabalho;\nV - os Tribunais e Juízes Eleitorais;\nVI - os Tribunais e Juízes Militares;\nVII - os Tribunais e Juízes dos Estados e do Distrito Federal e Territórios.\n§ 1º O Supremo Tribunal Federal, o Conselho Nacional de Justiça e os Tribunais Superiores têm sede na Capital\nFederal.\xa0\xa0\xa0\xa0\xa0\xa0\xa0\xa0\xa0\xa0\xa0\xa0 (Incluído pela Emenda Constitucional nº 45, de 2004)\xa0\xa0\xa0\xa0\xa0\xa0 (Vide ADIN 3392)\n§ 2º O Supremo Tribunal Federal e os Tribunais Superiores têm jurisdição em todo ', 'acórdão recorrido contrariar jurisprudência dominante do Superior Tribunal de Justiça;\xa0\xa0\n(Incluído pela Emenda Constitucional nº 125, de 2022)\nVI - outras hipóteses previstas em lei.\xa0\xa0 (Incluído pela Emenda Constitucional nº 125, de 2022)\nSEÇÃO IV\nDOS TRIBUNAIS REGIONAIS FEDERAIS E DOS JUÍZES FEDERAIS\n\uf24e Art. 106. São órgãos da Justiça Federal:\nI - os Tribunais Regionais Federais;\nII - os Juízes Federais.\nArt. 107. Os Tribunais Regionais Federais compõem-se de, no mínimo, sete juízes, recrutados, quando\npossível, na respectiva região e nomeados pelo Presidente da República dentre brasileiros com mais de trinta e\nmenos de setenta anos de idade, sendo:\xa0\xa0\xa0\xa0\xa0\xa0 (Redação dada pela Emenda Constitucional nº 122, de 2022)\nI - um quinto dentre advogados com mais de dez anos de efetiva atividade profissional e membros do Ministério\nPúblico Federal com mais de dez anos de carreira;\nII - os demais, mediante promoção de juízes federais com mais de cinco anos de exercício, por antigüidade e\nmerecimento, alternadamente.\n§ 1º A lei disciplinará a remoção ou a permuta de juízes dos Tribunais Regionais Federais e determinará sua\njurisdição e sede.\xa0\xa0\xa0\xa0\xa0\xa0\xa0\xa0\xa0\xa0\xa0\xa0\xa0\xa0\xa0\xa0\xa0 (Renumerado do parágrafo único, pela Emenda Constitucional nº 45, de 2004)\xa0\xa0\xa0\xa0\xa0\n§ 2º Os Tribunais Regionais Federais instalarão a justiça itinerante, com a realização de audiências e demais\nfunções da atividade jurisdicional, nos limites territoriais da respectiva jurisdição, ', 'segundo grau, vinculados a diferentes tribunais, na esfera da justiça\nestadual, federal ou do trabalho, atenderá, no que couber, ao disposto nas alíneas ""a"", ""b"", ""c"" e ""e"" do inciso II do\ncaput deste artigo e no art. 94 desta Constituição;\xa0\xa0\xa0\xa0\xa0 (Incluído pela Emenda Constitucional nº 130, de 2023)\nIX todos os julgamentos dos órgãos do Poder Judiciário serão públicos, e fundamentadas todas as decisões, sob\npena de nulidade, podendo a lei limitar a presença, em determinados atos, às próprias partes e a seus advogados, ou\nsomente a estes, em casos nos quais a preservação do direito à intimidade do interessado no sigilo não prejudique o\ninteresse público à informação;\xa0\xa0\xa0\xa0\xa0\xa0\xa0\xa0\xa0\xa0\xa0\xa0\xa0\xa0\xa0\xa0\xa0 (Redação dada pela Emenda Constitucional nº 45, de 2004)\xa0\nX as decisões administrativas dos tribunais serão motivadas e em sessão pública, sendo as disciplinares tomadas\npelo voto da maioria absoluta de seus membros;\xa0\xa0\xa0\xa0\xa0\xa0\xa0\xa0\xa0\xa0\xa0\xa0 (Redação dada pela Emenda Constitucional nº 45, de 2004)\xa0\xa0\nXI nos tribunais com número superior a vinte e cinco julgadores, poderá ser constituído órgão especial, com o\nmínimo de onze e o máximo de vinte e cinco membros, para o exercício das atribuições administrativas e jurisdicionais\ndelegadas da competência do tribunal pleno, provendo-se metade das vagas por antigüidade e a outra metade por\neleição pelo tribunal pleno;\xa0\xa0\xa0\xa0\xa0\xa0\xa0\xa0\xa0\xa0\xa0\xa0 (Redação dada ', 'Compete ao Conselho o controle da atuação administrativa e financeira do Poder Judiciário e do cumprimento\ndos deveres funcionais dos juízes, cabendo-lhe, além de outras atribuições que lhe forem conferidas pelo Estatuto da\nMagistratura:\xa0\xa0\xa0\xa0\xa0\xa0\xa0\xa0\xa0\xa0\xa0\xa0\xa0\xa0\xa0 (Incluído pela Emenda Constitucional nº 45, de 2004)\nI - zelar pela autonomia do Poder Judiciário e pelo cumprimento do Estatuto da Magistratura, podendo expedir atos\nregulamentares, no âmbito de sua competência, ou recomendar providências;\xa0 \xa0 \xa0 \xa0 \xa0 \xa0 \xa0 \xa0 \xa0 \xa0 \xa0 \xa0 \xa0 \xa0 \xa0 (Incluído pela Emenda\nConstitucional nº 45, de 2004)\nII - zelar pela observância do art. 37 e apreciar, de ofício ou mediante provocação, a legalidade dos atos\nadministrativos praticados por membros ou órgãos do Poder Judiciário, podendo desconstituí-los, revê-los ou fixar prazo\npara que se adotem as providências necessárias ao exato cumprimento da lei, sem prejuízo da competência do Tribunal\nde Contas da União;\xa0\xa0\xa0\xa0\xa0\xa0\xa0\xa0\xa0\xa0\xa0\xa0\xa0\xa0 (Incluído pela Emenda Constitucional nº 45, de 2004)\nIII - receber e conhecer das reclamações contra membros ou órgãos do Poder Judiciário, inclusive contra seus\nserviços auxiliares, serventias e órgãos prestadores de serviços notariais e de registro que atuem por delegação do\npoder público ou oficializados, sem prejuízo da competência disciplinar e correicional dos tribunais, podendo avocar\nprocessos disciplinares em curso, determinar a remoção ou a ', 'e membros do Ministério\nPúblico do Trabalho com mais de dez anos de efetivo exercício, observado o disposto no art. 94;\xa0\xa0\xa0\xa0\xa0\xa0\xa0\xa0\xa0\xa0\xa0\xa0\xa0\xa0 \xa0(Redação\ndada pela Emenda Constitucional nº 45, de 2004)\nII os demais, mediante promoção de juízes do trabalho por antigüidade e merecimento, alternadamente.\xa0\xa0\xa0\xa0\xa0\xa0\xa0\xa0\xa0\xa0\xa0\xa0\xa0\xa0\n\xa0(Redação dada pela Emenda Constitucional nº 45, de 2004)\n§ 1º Os Tribunais Regionais do Trabalho instalarão a justiça itinerante, com a realização de audiências e demais\nfunções de atividade jurisdicional, nos limites territoriais da respectiva jurisdição, servindo-se de equipamentos públicos e\ncomunitários.\xa0\xa0\xa0\xa0\xa0\xa0\xa0\xa0\xa0\xa0\xa0\xa0\xa0\xa0 \xa0(Incluído pela Emenda Constitucional nº 45, de 2004)\n§ 2º Os Tribunais Regionais do Trabalho poderão funcionar descentralizadamente, constituindo Câmaras\nregionais, a fim de assegurar o pleno acesso do jurisdicionado à justiça em todas as fases do processo.\xa0\xa0\xa0\xa0\xa0\xa0\xa0\xa0\xa0\xa0\xa0\xa0\xa0 (Incluído\npela Emenda Constitucional nº 45, de 2004)\n\uf24e Art. 116. Nas Varas do Trabalho, a jurisdição será exercida por um juiz singular.\xa0\xa0\xa0\xa0\xa0\xa0\xa0\xa0\xa0\xa0\xa0\xa0\xa0\xa0 \xa0\xa0(Redação dada pela\nEmenda Constitucional nº 24, de 1999)\nParágrafo único.\xa0\xa0\xa0\xa0\xa0\xa0\xa0\xa0\xa0\xa0\xa0\xa0\xa0\xa0 (Revogado pela Emenda Constitucional nº 24, de 1999)\n\uf24e Art. 117. e Parágrafo único.\xa0\xa0\xa0\xa0\xa0\xa0\xa0\xa0\xa0\xa0\xa0\xa0\xa0\xa0 \xa0(Revogados pela Emenda Constitucional nº 24, de 1999) \xa0\nSEÇÃO VI\nDOS TRIBUNAIS E JUÍZES ELEITORAIS\n\uf24e Art. 118. São órgãos da Justiça Eleitoral:\nI - o Tribunal Superior Eleitoral;\nII - os Tribunais Regionais Eleitorais;\nIII - os Juízes Eleitorais;\nIV - as Juntas Eleitorais.\n\uf24e Art. 119. ']","De acordo com o texto, os órgãos do Poder Judiciário são:

I - o Supremo Tribunal Federal;
I-A - o Conselho Nacional de Justiça;
II - o Superior Tribunal de Justiça;
II-A - o Tribunal Superior do Trabalho;
III - os Tribunais Regionais Federais e Juízes Federais;
IV - os Tribunais e Juízes do Trabalho;
V - os Tribunais e Juízes Eleitorais;
VI - os Tribunais e Juízes Militares;
VII - os Tribunais e Juízes dos Estados e do Distrito Federal e Territórios.","STF, CNJ, STJ, Tribunais Regionais Federais e juízes federais, tribunais e juízes do trabalho, eleitorais, militares e dos Estados/DF (Art. 92).",1.0,0.8437544682976734,1.0,0.9999999999
Criança e adolescente têm prioridade em algum direito perante a lei?,"['66,\nde 2010)\n§ 7º Fundado nos princípios da dignidade da pessoa humana e da paternidade responsável, o planejamento\nfamiliar é livre decisão do casal, competindo ao Estado propiciar recursos educacionais e científicos para o exercício\ndesse direito, vedada qualquer forma coercitiva por parte de instituições oficiais ou privadas.\xa0\xa0\xa0 Regulamento\n§ 8º O Estado assegurará a assistência à família na pessoa de cada um dos que a integram, criando mecanismos\npara coibir a violência no âmbito de suas relações.\n\uf24e Art. 227. É dever da família, da sociedade e do Estado assegurar à criança, ao adolescente e ao jovem,\ncom absoluta prioridade, o direito à vida, à saúde, à alimentação, à educação, ao lazer, à profissionalização, à cultura,\nà dignidade, ao respeito, à liberdade e à convivência familiar e comunitária, além de colocá-los a salvo de toda forma\nde negligência, discriminação, exploração, violência, crueldade e opressão.\xa0 \xa0 \xa0 \xa0 \xa0 \xa0 \xa0 \xa0 (Redação dada Pela Emenda\nConstitucional nº 65, de 2010)\n§ 1º O Estado promoverá programas de assistência integral à saúde da criança, do adolescente e do jovem,\nadmitida a participação de entidades não governamentais, mediante políticas específicas e obedecendo aos seguintes\npreceitos:\xa0\xa0\xa0\xa0\xa0\xa0\xa0\xa0 (Redação dada Pela Emenda Constitucional nº 65, de 2010)\nI - aplicação de percentual dos recursos públicos destinados à saúde ', 'e respeito à condição peculiar de pessoa em\ndesenvolvimento, quando da aplicação de qualquer medida privativa da liberdade;\nVI - estímulo do Poder Público, através de assistência jurídica, incentivos fiscais e subsídios, nos termos da lei, ao\nacolhimento, sob a forma de guarda, de criança ou adolescente órfão ou abandonado;\nVII - programas de prevenção e atendimento especializado à criança, ao adolescente e ao jovem dependente\nde entorpecentes e drogas afins.\xa0\xa0\xa0\xa0\xa0\xa0\xa0\xa0 (Redação dada Pela Emenda Constitucional nº 65, de 2010)\n§ 4º A lei punirá severamente o abuso, a violência e a exploração sexual da criança e do adolescente.\n§ 5º A adoção será assistida pelo Poder Público, na forma da lei, que estabelecerá casos e condições de sua\nefetivação por parte de estrangeiros.\n§ 6º Os filhos, havidos ou não da relação do casamento, ou por adoção, terão os mesmos direitos e qualificações,\nproibidas quaisquer designações discriminatórias relativas à filiação.\n§ 7º No atendimento dos direitos da criança e do adolescente levar-se- á em consideração o disposto no art. 204.\n§ 8º A lei estabelecerá:\xa0\xa0\xa0\xa0\xa0\xa0\xa0\xa0 (Incluído Pela Emenda Constitucional nº 65, de 2010)\nI - o estatuto da juventude, destinado a regular os direitos dos jovens;\xa0 \xa0 \xa0 \xa0 \xa0 \xa0 \xa0 \xa0 (Incluído Pela Emenda\nConstitucional nº 65, de 2010)\nII - o ', 'na assistência materno-infantil;\nII - criação de programas de prevenção e atendimento especializado para as pessoas portadoras de deficiência\nfísica, sensorial ou mental, bem como de integração social do adolescente e do jovem portador de deficiência,\nmediante o treinamento para o trabalho e a convivência, e a facilitação do acesso aos bens e serviços coletivos, com\na eliminação de obstáculos arquitetônicos e de todas as formas de discriminação.\xa0\xa0\xa0\xa0\xa0\xa0\xa0\xa0 (Redação dada Pela Emenda\nConstitucional nº 65, de 2010)\n§ 2º A lei disporá sobre normas de construção dos logradouros e dos edifícios de uso público e de fabricação de\nveículos de transporte coletivo, a fim de garantir acesso adequado às pessoas portadoras de deficiência.\n§ 3º O direito a proteção especial abrangerá os seguintes aspectos:\nI - idade mínima de quatorze anos para admissão ao trabalho, observado o disposto no art. 7º, XXXIII;\nII - garantia de direitos previdenciários e trabalhistas;\nIII - garantia de acesso do trabalhador adolescente e jovem à escola;\xa0 \xa0 \xa0 \xa0 \xa0 \xa0 \xa0 \xa0 (Redação dada Pela Emenda\nConstitucional nº 65, de 2010)\nIV - garantia de pleno e formal conhecimento da atribuição de ato infracional, igualdade na relação processual e\ndefesa técnica por profissional habilitado, segundo dispuser a legislação tutelar específica;\nV - obediência aos princípios de brevidade, excepcionalidade ', 'iguais perante a lei, sem distinção de qualquer natureza, garantindo-se aos brasileiros e aos\nestrangeiros residentes no País a inviolabilidade do direito à vida, à liberdade, à igualdade, à segurança e à propriedade,\nnos termos seguintes:\nI - homens e mulheres são iguais em direitos e obrigações, nos termos desta Constituição;\nII - ninguém será obrigado a fazer ou deixar de fazer alguma coisa senão em virtude de lei;\nIII - ninguém será submetido a tortura nem a tratamento desumano ou degradante;\nIV - é livre a manifestação do pensamento, sendo vedado o anonimato;\xa0\xa0\nV - é assegurado o direito de resposta, proporcional ao agravo, além da indenização por dano material, moral ou à\nimagem;\xa0\nVI - é inviolável a liberdade de consciência e de crença, sendo assegurado o livre exercício dos cultos religiosos e\ngarantida, na forma da lei, a proteção aos locais de culto e a suas liturgias;\xa0\xa0\nVII - é assegurada, nos termos da lei, a prestação de assistência religiosa nas entidades civis e militares de\ninternação coletiva;\xa0\xa0\nVIII - ninguém será privado de direitos por motivo de crença religiosa ou de convicção filosófica ou política, salvo\nse as invocar para eximir-se de obrigação legal a todos imposta e recusar-se a cumprir prestação alternativa, fixada em\nlei;\nIX - é livre a expressão ', 'em dois turnos, por três quintos dos votos dos respectivos membros, serão equivalentes às\nemendas constitucionais.\xa0\xa0\xa0\xa0\xa0\xa0\xa0\xa0\xa0\xa0\xa0 (Incluído pela Emenda Constitucional nº 45, de 2004)\xa0\xa0\xa0\xa0\xa0 (Vide ADIN 3392)\xa0\xa0\xa0\xa0\xa0 (Vide Atos\ndecorrentes do disposto no § 3º do art. 5º da Constituição)\xa0\n§ 4º O Brasil se submete à jurisdição de Tribunal Penal Internacional a cuja criação tenha manifestado\nadesão.\xa0\xa0\xa0\xa0\xa0\xa0\xa0\xa0\xa0\xa0\xa0\xa0\xa0\xa0 (Incluído pela Emenda Constitucional nº 45, de 2004)\nCAPÍTULO II\nDOS DIREITOS SOCIAIS\n\uf24e Art. 6º São direitos sociais a educação, a saúde, a alimentação, o trabalho, a moradia, o transporte, o lazer, a\nsegurança, a previdência social, a proteção à maternidade e à infância, a assistência aos desamparados, na forma desta\nConstituição.\xa0\xa0\xa0\xa0\xa0\xa0\xa0\xa0\xa0\xa0\xa0\xa0\xa0\xa0\xa0 (Redação dada pela Emenda Constitucional nº 90, de 2015)\nParágrafo único. Todo brasileiro em situação de vulnerabilidade social terá direito a uma renda básica familiar,\ngarantida pelo poder público em programa permanente de transferência de renda, cujas normas e requisitos de acesso\nserão determinados em lei, observada a legislação fiscal e orçamentária.\xa0\xa0\xa0\xa0\xa0\xa0\xa0 (Incluído pela Emenda Constitucional nº\n114, de 2021)\xa0\xa0\xa0\xa0 (Vide Lei nº 14.601, de 2023)\n\uf24e Art. 7º São direitos dos trabalhadores urbanos e rurais, além de outros que visem à melhoria de sua condição\nsocial:\nI - relação de emprego protegida contra despedida arbitrária ou sem justa causa, nos termos de lei complementar,\nque ']","Sim, de acordo com o Art. 227, a criança, o adolescente e o jovem têm direito à vida, à saúde, à alimentação, à educação, ao lazer, à profissionalização, à cultura, à dignidade, ao respeito, à liberdade e à convivência familiar e comunitária, com absoluta prioridade.","É dever da família, da sociedade e do Estado assegurar à criança, ao adolescente e ao jovem, com absoluta prioridade, direitos como vida, saúde, alimentação e educação (Art. 227).",1.0,0.6881040781936995,1.0,0.99999999995
Existe alguma regra sobre como a economia do país deve funcionar?,"['cinco anos\nininterruptos, sem oposição, área de terra, em zona rural, não superior a cinqüenta hectares, tornando-a produtiva por\nseu trabalho ou de sua família, tendo nela sua moradia, adquirir-lhe-á a propriedade.\nParágrafo único. Os imóveis públicos não serão adquiridos por usucapião.\nCAPÍTULO IV\nDO SISTEMA FINANCEIRO NACIONAL\n\uf24e Art. 192. O sistema financeiro nacional, estruturado de forma a promover o desenvolvimento equilibrado do\nPaís e a servir aos interesses da coletividade, em todas as partes que o compõem, abrangendo as cooperativas de\ncrédito, será regulado por leis complementares que disporão, inclusive, sobre a participação do capital estrangeiro nas\ninstituições que o integram.\xa0\xa0\xa0\xa0\xa0\xa0\xa0\xa0\xa0\xa0\xa0\xa0 (Redação dada pela Emenda Constitucional nº 40, de 2003)\xa0\xa0\xa0\xa0 (Vide Lei nº 8.392, de\n1991)\nI - (Revogado).\xa0\xa0\xa0\xa0\xa0\xa0\xa0\xa0 (Redação dada pela Emenda Constitucional nº 40, de 2003)\nII - (Revogado).\xa0\xa0\xa0\xa0\xa0\xa0\xa0\xa0 (Redação dada pela Emenda Constitucional nº 40, de 2003)\nIII - (Revogado)\xa0\xa0\xa0\xa0\xa0\xa0\xa0\xa0 (Redação dada pela Emenda Constitucional nº 40, de 2003)\na) (Revogado)\xa0\xa0\xa0\xa0\xa0\xa0\xa0\xa0 (Redação dada pela Emenda Constitucional nº 40, de 2003)\nb) (Revogado)\xa0\xa0\xa0\xa0\xa0\xa0\xa0\xa0 (Redação dada pela Emenda Constitucional nº 40, de 2003)\nIV - (Revogado)\xa0\xa0\xa0\xa0\xa0\xa0\xa0\xa0 (Redação dada pela Emenda Constitucional nº 40, de 2003)\nV -(Revogado)\xa0\xa0\xa0\xa0\xa0\xa0\xa0\xa0 (Redação dada pela Emenda Constitucional nº 40, de 2003)\nVI - (Revogado)\xa0\xa0\xa0\xa0\xa0\xa0\xa0\xa0 (Redação dada pela Emenda Constitucional nº 40, de 2003)\nVII - (Revogado)\xa0\xa0\xa0\xa0\xa0\xa0\xa0\xa0 (Redação dada pela Emenda Constitucional ', 'da lei complementar referida neste artigo, o servidor estável poderá perder o cargo, desde que ato\nnormativo motivado de cada um dos Poderes especifique a atividade funcional, o órgão ou unidade administrativa objeto\nda redução de pessoal.\xa0\xa0\xa0\xa0\xa0\xa0\xa0\xa0 (Incluído pela Emenda Constitucional nº 19, de 1998)\n§ 5º O servidor que perder o cargo na forma do parágrafo anterior fará jus a indenização correspondente a um mês\nde remuneração por ano de serviço.\xa0\xa0\xa0\xa0\xa0\xa0\xa0\xa0 (Incluído pela Emenda Constitucional nº 19, de 1998)\n§ 6º O cargo objeto da redução prevista nos parágrafos anteriores será considerado extinto, vedada a criação de\ncargo, emprego ou função com atribuições iguais ou assemelhadas pelo prazo de quatro anos.\xa0\xa0\xa0\xa0\xa0\xa0\xa0\xa0 (Incluído pela\nEmenda Constitucional nº 19, de 1998)\n§ 7º Lei federal disporá sobre as normas gerais a serem obedecidas na efetivação do disposto no § 4º.\xa0\xa0\xa0\xa0\xa0\xa0\xa0\xa0\n(Incluído pela Emenda Constitucional nº 19, de 1998)\nTÍTULO VII\nDA ORDEM ECONÔMICA E FINANCEIRA\nCAPÍTULO I\nDOS PRINCÍPIOS GERAIS DA ATIVIDADE ECONÔMICA\n\uf24e Art. 170. A ordem econômica, fundada na valorização do trabalho humano e na livre iniciativa, tem por fim\nassegurar a todos existência digna, conforme os ditames da justiça social, observados os seguintes princípios:\nI - soberania nacional;\nII - propriedade privada;\nIII - função social da propriedade;\nIV - livre concorrência;\nV - defesa do consumidor;\nVI - ', 'e o comércio de material bélico;\nVII - emitir moeda;\nVIII - administrar as reservas cambiais do País e fiscalizar as operações de natureza financeira, especialmente as\nde crédito, câmbio e capitalização, bem como as de seguros e de previdência privada;\nIX - elaborar e executar planos nacionais e regionais de ordenação do território e de desenvolvimento econômico e\nsocial;\nX - manter o serviço postal e o correio aéreo nacional;\nXI - explorar, diretamente ou mediante autorização, concessão ou permissão, os serviços de telecomunicações,\nnos termos da lei, que disporá sobre a organização dos serviços, a criação de um órgão regulador e outros aspectos\ninstitucionais;\xa0\xa0\xa0\xa0\xa0\xa0\xa0\xa0\xa0\xa0\xa0 (Redação dada pela Emenda Constitucional nº 8, de 15/08/95:)\nXII - explorar, diretamente ou mediante autorização, concessão ou permissão:\na) os serviços de radiodifusão sonora, e de sons e imagens; \xa0\xa0\xa0\xa0\xa0\xa0\xa0\xa0\xa0\xa0\xa0 (Redação dada pela Emenda Constitucional nº\n8, de 15/08/95:)\nb) os serviços e instalações de energia elétrica e o aproveitamento energético dos cursos de água, em articulação\ncom os Estados onde se situam os potenciais hidroenergéticos;\nc) a navegação aérea, aeroespacial e a infra-estrutura aeroportuária;\nd) os serviços de transporte ferroviário e aquaviário entre portos brasileiros e fronteiras nacionais, ou que\ntransponham os limites de Estado ou Território;\ne) os serviços de transporte rodoviário interestadual e internacional de passageiros;\nf) os portos ', 'a União deve adotar regime extraordinário fiscal, financeiro e\nde contratações para atender às necessidades dele decorrentes, somente naquilo em que a urgência for incompatível\ncom o regime regular, nos termos definidos nos arts. 167-C, 167-D, 167-E, 167-F e 167-G desta Constituição.\xa0 \xa0 \xa0 \xa0 \xa0\n(Incluído pela Emenda Constitucional nº 109, de 2021)\nArt. 167-C. Com o propósito exclusivo de enfrentamento da calamidade pública e de seus efeitos sociais e\neconômicos, no seu período de duração, o Poder Executivo federal pode adotar processos simplificados de contratação\nde pessoal, em caráter temporário e emergencial, e de obras, serviços e compras que assegurem, quando possível,\ncompetição e igualdade de condições a todos os concorrentes, dispensada a observância do § 1º do art. 169 na\ncontratação de que trata o inciso IX do caput do art. 37 desta Constituição, limitada a dispensa às situações de que trata\no referido inciso, sem prejuízo do controle dos órgãos competentes.\xa0\xa0\xa0\xa0\xa0\xa0 (Incluído pela Emenda Constitucional nº 109, de\n2021)\nArt. 167-D. As proposições legislativas e os atos do Poder Executivo com propósito exclusivo de enfrentar a\ncalamidade e suas consequências sociais e econômicas, com vigência e efeitos restritos à sua duração, desde que não\nimpliquem despesa obrigatória de caráter continuado, ficam dispensados da observância das limitações legais quanto à\ncriação, ', 'defesa do meio ambiente, inclusive mediante tratamento diferenciado conforme o impacto ambiental dos\nprodutos e serviços e de seus processos de elaboração e prestação;\xa0\xa0\xa0\xa0\xa0\xa0\xa0\xa0 (Redação dada pela Emenda Constitucional nº\n42, de 19.12.2003)\nVII - redução das desigualdades regionais e sociais;\nVIII - busca do pleno emprego;\nIX - tratamento favorecido para as empresas de pequeno porte constituídas sob as leis brasileiras e que tenham\nsua sede e administração no País.\xa0\xa0\xa0\xa0\xa0\xa0\xa0\xa0 (Redação dada pela Emenda Constitucional nº 6, de 1995)\nParágrafo único. É assegurado a todos o livre exercício de qualquer atividade econômica, independentemente de\nautorização de órgãos públicos, salvo nos casos previstos em lei.\xa0\xa0\xa0\xa0\xa0\xa0\xa0\xa0\xa0\xa0\xa0 (Vide Lei nº 13.874, de 2019)\n\uf24e Art. 171.\xa0\xa0\xa0\xa0\xa0\xa0\xa0\xa0 (Revogado pela Emenda Constitucional nº 6, de 1995)\n\uf24e Art. 172. A lei disciplinará, com base no interesse nacional, os investimentos de capital estrangeiro, incentivará\nos reinvestimentos e regulará a remessa de lucros.\n\uf24e Art. 173. Ressalvados os casos previstos nesta Constituição, a exploração direta de atividade econômica pelo\nEstado só será permitida quando necessária aos imperativos da segurança nacional ou a relevante interesse coletivo,\nconforme definidos em lei.\n§ 1º A lei estabelecerá o estatuto jurídico da empresa pública, da sociedade de economia mista e de suas\nsubsidiárias que explorem atividade econômica de produção ou comercialização de bens ou de prestação ']","Sim, existem regras sobre como a economia do país deve funcionar. De acordo com o Art. 170, a ordem econômica, fundada na valorização do trabalho humano e na livre iniciativa, tem por fim assegurar a todos existência digna, conforme os ditames da justiça social, observados os seguintes princípios: soberania nacional, propriedade privada, função social da propriedade, livre concorrência, defesa do consumidor, entre outros. Além disso, o Art. 172 estabelece que a lei disciplinará, com base no interesse nacional, os investimentos de capital estrangeiro, incentivará os reinvestimentos e regulará a remessa de lucros. E o Art. 173 determina que a exploração direta de atividade econômica pelo Estado só será permitida quando necessária aos imperativos da segurança nacional ou a relevante interesse coletivo, conforme definidos em lei.","A ordem econômica é fundada na valorização do trabalho humano e na livre iniciativa, com fim de assegurar existência digna conforme a justiça social (Art. 170).",0.9375,0.9125589155321487,1.0,0.4499999999775
Como funciona a aposentadoria de quem trabalha na iniciativa privada?,"['(Redação dada pela Emenda Constitucional nº 103, de 2019)\n§ 13. A aposentadoria concedida ao segurado de que trata o § 12 terá valor de 1 (um) salário-mínimo.\xa0\xa0\xa0\xa0\xa0\xa0 \xa0\n(Redação dada pela Emenda Constitucional nº 103, de 2019)\n§ 14. É vedada a contagem de tempo de contribuição fictício para efeito de concessão dos benefícios\nprevidenciários e de contagem recíproca.\xa0\xa0\xa0\xa0 \xa0\xa0\xa0 (Incluído pela Emenda Constitucional nº 103, de 2019)\n§ 15. Lei complementar estabelecerá vedações, regras e condições para a acumulação de benefícios\nprevidenciários.\xa0\xa0\xa0\xa0 \xa0\xa0\xa0 (Incluído pela Emenda Constitucional nº 103, de 2019)\n§ 16. Os empregados dos consórcios públicos, das empresas públicas, das sociedades de economia mista e\ndas suas subsidiárias serão aposentados compulsoriamente, observado o cumprimento do tempo mínimo de\ncontribuição, ao atingir a idade máxima de que trata o inciso II do § 1º do art. 40, na forma estabelecida em lei.\xa0\xa0\xa0\xa0\n(Incluído pela Emenda Constitucional nº 103, de 2019)\n\uf24e Art. 202. O regime de previdência privada, de caráter complementar e organizado de forma autônoma em\nrelação ao regime geral de previdência social, será facultativo, baseado na constituição de reservas que garantam o\nbenefício contratado, e regulado por lei complementar.\xa0 \xa0 \xa0 \xa0 \xa0 \xa0 \xa0 \xa0 (Redação dada pela Emenda Constitucional nº 20, de\n1998)\xa0\xa0\xa0\xa0\xa0 (Vide Emenda Constitucional nº ', 'servidores ativos, de aposentados e\nde pensionistas, observados critérios que preservem o equilíbrio financeiro e atuarial.\xa0\xa0\xa0\xa0\xa0\xa0\xa0\xa0\xa0\xa0 (Redação dada pela\nEmenda Constitucional nº 103, de 2019)\n§ 1º O servidor abrangido por regime próprio de previdência social será aposentado: \xa0\xa0\xa0\xa0\xa0\xa0\xa0\xa0\xa0 (Redação dada pela\nEmenda Constitucional nº 103, de 2019)\nI - por incapacidade permanente para o trabalho, no cargo em que estiver investido, quando insuscetível de\nreadaptação, hipótese em que será obrigatória a realização de avaliações periódicas para verificação da continuidade\ndas condições que ensejaram a concessão da aposentadoria, na forma de lei do respectivo ente federativo;\xa0\xa0\xa0\xa0\xa0\xa0\xa0\xa0\xa0\xa0\n(Redação dada pela Emenda Constitucional nº 103, de 2019)\nII - compulsoriamente, com proventos proporcionais ao tempo de contribuição, aos 70 (setenta) anos de idade,\nou aos 75 (setenta e cinco) anos de idade, na forma de lei complementar;\xa0\xa0\xa0\xa0\xa0\xa0\xa0\xa0\xa0\xa0\xa0 \xa0\xa0\xa0\xa0 (Redação dada pela Emenda\nConstitucional nº 88, de 2015)\xa0\xa0\xa0\xa0\xa0\xa0\xa0\xa0 (Vide Lei Complementar nº 152, de 2015)\nIII - no âmbito da União, aos 62 (sessenta e dois) anos de idade, se mulher, e aos 65 (sessenta e cinco) anos\nde idade, se homem, e, no âmbito dos Estados, do Distrito Federal e dos Municípios, na idade mínima estabelecida\nmediante emenda às respectivas Constituições e Leis Orgânicas, observados o tempo de contribuição e os demais\nrequisitos estabelecidos em lei complementar ', 'ao estabelecido para os servidores titulares de cargos efetivos.\xa0\xa0\xa0\xa0\xa0\xa0\xa0\xa0\xa0\xa0\xa0\xa0\xa0\xa0\xa0 (Incluído\npela Emenda Constitucional nº 41, 19.12.2003)\xa0 (Vide ADIN 3133)\xa0 (Vide ADIN 3143)\xa0\xa0\xa0\xa0\xa0\xa0\xa0\xa0 (Vide ADIN 3184)\n§ 19. Observados critérios a serem estabelecidos em lei do respectivo ente federativo, o servidor titular de cargo\nefetivo que tenha completado as exigências para a aposentadoria voluntária e que opte por permanecer em atividade\npoderá fazer jus a um abono de permanência equivalente, no máximo, ao valor da sua contribuição previdenciária, até\ncompletar a idade para aposentadoria compulsória.\xa0\xa0\xa0\xa0\xa0\xa0\xa0\xa0 \xa0\xa0 (Redação dada pela Emenda Constitucional nº 103, de\n2019)\n§ 20. É vedada a existência de mais de um regime próprio de previdência social e de mais de um órgão ou\nentidade gestora desse regime em cada ente federativo, abrangidos todos os poderes, órgãos e entidades autárquicas\ne fundacionais, que serão responsáveis pelo seu financiamento, observados os critérios, os parâmetros e a natureza\njurídica definidos na lei complementar de que trata o § 22. \xa0\xa0\xa0\xa0\xa0\xa0\xa0\xa0\xa0\xa0 (Redação dada pela Emenda Constitucional nº 103,\nde 2019)\n§ 21. (Revogado).\xa0\xa0\xa0\xa0 (Redação dada pela Emenda Constitucional nº 103, de 2019)\n§ 22. Vedada a instituição de novos regimes próprios de previdência social, lei complementar federal\nestabelecerá, para os que já existam, normas gerais de organização, de funcionamento e de responsabilidade em sua\ngestão, dispondo, ', '1998)\nI - 65 (sessenta e cinco) anos de idade, se homem, e 62 (sessenta e dois) anos de idade, se mulher, observado\ntempo mínimo de contribuição;\xa0 \xa0\xa0\xa0\xa0 \xa0\xa0 (Redação dada pela Emenda Constitucional nº 103, de 2019)\nII - 60 (sessenta) anos de idade, se homem, e 55 (cinquenta e cinco) anos de idade, se mulher, para os\ntrabalhadores rurais e para os que exerçam suas atividades em regime de economia familiar, nestes incluídos o\nprodutor rural, o garimpeiro e o pescador artesanal.\xa0\xa0\xa0\xa0\xa0 \xa0\xa0 (Redação dada pela Emenda Constitucional nº 103, de 2019)\n§ 8º O requisito de idade a que se refere o inciso I do § 7º será reduzido em 5 (cinco) anos, para o professor\nque comprove tempo de efetivo exercício das funções de magistério na educação infantil e no ensino fundamental e\nmédio fixado em lei complementar.\xa0\xa0\xa0\xa0\xa0 \xa0\xa0 (Redação dada pela Emenda Constitucional nº 103, de 2019)\n§ 9º Para fins de aposentadoria, será assegurada a contagem recíproca do tempo de contribuição entre o\nRegime Geral de Previdência Social e os regimes próprios de previdência social, e destes entre si, observada a\ncompensação financeira, de acordo com os critérios estabelecidos em lei.\xa0 \xa0 \xa0 \xa0 \xa0 \xa0 \xa0 (Redação dada pela Emenda\nConstitucional nº 103, de 2019)\n§ ', 'cidadãos que foram impedidos de exercer, na vida civil, atividade profissional específica, em decorrência\ndas Portarias Reservadas do Ministério da Aeronáutica nº S-50-GM5, de 19 de junho de 1964, e nº S-285-GM5 será\nconcedida reparação de natureza econômica, na forma que dispuser lei de iniciativa do Congresso Nacional e a entrar\nem vigor no prazo de doze meses a contar da promulgação da Constituição.\n§ 4º Aos que, por força de atos institucionais, tenham exercido gratuitamente mandato eletivo de vereador serão\ncomputados, para efeito de aposentadoria no serviço público e previdência social, os respectivos períodos.\n§ 5º A anistia concedida nos termos deste artigo aplica-se aos servidores públicos civis e aos empregados em\ntodos os níveis de governo ou em suas fundações, empresas públicas ou empresas mistas sob controle estatal, exceto\nnos Ministérios militares, que tenham sido punidos ou demitidos por atividades profissionais interrompidas em virtude de\ndecisão de seus trabalhadores, bem como em decorrência do Decreto-Lei nº 1.632, de 4 de agosto de 1978, ou por\nmotivos exclusivamente políticos, assegurada a readmissão dos que foram atingidos a partir de 1979, observado o\ndisposto no § 1º.\nArt. 9º. Os que, por motivos exclusivamente políticos, foram cassados ou tiveram seus direitos políticos suspensos\nno período de 15 de julho a 31 de dezembro ']","A aposentadoria de quem trabalha na iniciativa privada é regulamentada pelo Regime Geral de Previdência Social. De acordo com os trechos fornecidos, a aposentadoria concedida ao segurado terá valor de 1 (um) salário-mínimo (§ 13). Além disso, é vedada a contagem de tempo de contribuição fictício para efeito de concessão dos benefícios previdenciários e de contagem recíproca (§ 14).

Para fins de aposentadoria, será assegurada a contagem recíproca do tempo de contribuição entre o Regime Geral de Previdência Social e os regimes próprios de previdência social, e destes entre si, observada a compensação financeira, de acordo com os critérios estabelecidos em lei (§ 9º).

Os requisitos de idade para aposentadoria são:
- 65 (sessenta e cinco) anos de idade, se homem, e 62 (sessenta e dois) anos de idade, se mulher, observado tempo mínimo de contribuição (I);
- 60 (sessenta) anos de idade, se homem, e 55 (cinquenta e cinco) anos de idade, se mulher, para os trabalhadores rurais e para os que exerçam suas atividades em regime de economia familiar (II).

É importante notar que essas regras podem ser complementadas por outras leis e regulamentações específicas.","Pelo Regime Geral de Previdência Social, de caráter contributivo e filiação obrigatória, observado o equilíbrio financeiro e atuarial (Art. 201).",0.9285714285714286,0.6589053654113468,0.0,0.0
Quem tem o poder de sugerir uma lei nova no país?,"['emendada na vigência de intervenção federal, de estado de defesa ou de\nestado de sítio.\n§ 2º A proposta será discutida e votada em cada Casa do Congresso Nacional, em dois turnos, considerando-se\naprovada se obtiver, em ambos, três quintos dos votos dos respectivos membros.\n§ 3º A emenda à Constituição será promulgada pelas Mesas da Câmara dos Deputados e do Senado Federal, com\no respectivo número de ordem.\n§ 4º Não será objeto de deliberação a proposta de emenda tendente a abolir:\nI - a forma federativa de Estado;\nII - o voto direto, secreto, universal e periódico;\nIII - a separação dos Poderes;\nIV - os direitos e garantias individuais.\n§ 5º A matéria constante de proposta de emenda rejeitada ou havida por prejudicada não pode ser objeto de nova\nproposta na mesma sessão legislativa.\nSUBSEÇÃO III\nDAS LEIS\n\uf24e Art. 61. A iniciativa das leis complementares e ordinárias cabe a qualquer membro ou Comissão da Câmara\ndos Deputados, do Senado Federal ou do Congresso Nacional, ao Presidente da República, ao Supremo Tribunal\nFederal, aos Tribunais Superiores, ao Procurador-Geral da República e aos cidadãos, na forma e nos casos previstos\nnesta Constituição.\n§ 1º São de iniciativa privativa do Presidente da República as leis que:\nI - fixem ou modifiquem os efetivos das Forças Armadas;\nII - disponham sobre:\na) ', 'criação de cargos, funções ou empregos públicos na administração direta e autárquica ou aumento de sua\nremuneração;\nb) organização administrativa e judiciária, matéria tributária e orçamentária, serviços públicos e pessoal da\nadministração dos Territórios;\nc) servidores públicos da União e Territórios, seu regime jurídico, provimento de cargos, estabilidade e\naposentadoria; \xa0\xa0\xa0\xa0\xa0\xa0\xa0\xa0\xa0\xa0 (Redação dada pela Emenda Constitucional nº 18, de 1998)\nd) organização do Ministério Público e da Defensoria Pública da União, bem como normas gerais para a\norganização do Ministério Público e da Defensoria Pública dos Estados, do Distrito Federal e dos Territórios;\ne) criação e extinção de Ministérios e órgãos da administração pública, observado o disposto no art. 84, VI;\xa0\xa0\xa0\xa0\xa0\xa0\xa0\xa0\xa0\xa0\xa0\xa0\xa0\n(Redação dada pela Emenda Constitucional nº 32, de 2001)\nf) militares das Forças Armadas, seu regime jurídico, provimento de cargos, promoções, estabilidade,\nremuneração, reforma e transferência para a reserva. \xa0\xa0\xa0\xa0\xa0\xa0\xa0\xa0\xa0\xa0\xa0\xa0 (Incluída pela Emenda Constitucional nº 18, de 1998)\n§ 2º A iniciativa popular pode ser exercida pela apresentação à Câmara dos Deputados de projeto de lei subscrito\npor, no mínimo, um por cento do eleitorado nacional, distribuído pelo menos por cinco Estados, com não menos de três\ndécimos por cento dos eleitores de cada um deles.\n\uf24e Art. 62. Em caso de relevância e urgência, o Presidente da República poderá adotar medidas provisórias, com\nforça ', 'nos regimentos das respectivas Casas, serão criadas pela Câmara dos Deputados e\npelo Senado Federal, em conjunto ou separadamente, mediante requerimento de um terço de seus membros, para a\napuração de fato determinado e por prazo certo, sendo suas conclusões, se for o caso, encaminhadas ao Ministério\nPúblico, para que promova a responsabilidade civil ou criminal dos infratores.\n§ 4º Durante o recesso, haverá uma Comissão representativa do Congresso Nacional, eleita por suas Casas na\núltima sessão ordinária do período legislativo, com atribuições definidas no regimento comum, cuja composição\nreproduzirá, quanto possível, a proporcionalidade da representação partidária.\nSEÇÃO VIII\nDO PROCESSO LEGISLATIVO\nSUBSEÇÃO I\nDISPOSIÇÃO GERAL\n\uf24e Art. 59. O processo legislativo compreende a elaboração de:\nI - emendas à Constituição;\nII - leis complementares;\nIII - leis ordinárias;\nIV - leis delegadas;\nV - medidas provisórias;\nVI - decretos legislativos;\nVII - resoluções.\nParágrafo único. Lei complementar disporá sobre a elaboração, redação, alteração e consolidação das leis.\nSUBSEÇÃO II\nDA EMENDA À CONSTITUIÇÃO\n\uf24e Art. 60. A Constituição poderá ser emendada mediante proposta:\nI - de um terço, no mínimo, dos membros da Câmara dos Deputados ou do Senado Federal;\nII - do Presidente da República;\nIII - de mais da metade das Assembléias Legislativas das unidades da Federação, manifestando-se, cada uma\ndelas, pela maioria relativa de seus membros.\n§ 1º A Constituição não poderá ser ', 'durante sua vigência\nconservar-se-ão por ela regidas.\xa0\xa0\xa0\xa0\xa0\xa0\xa0\xa0\xa0\xa0\xa0 (Incluído pela Emenda Constitucional nº 32, de 2001)\n§ 12. Aprovado projeto de lei de conversão alterando o texto original da medida provisória, esta manter-se-á\nintegralmente em vigor até que seja sancionado ou vetado o projeto.\xa0\xa0\xa0\xa0\xa0\xa0\xa0\xa0\xa0\xa0\xa0\xa0 (Incluído pela Emenda Constitucional nº 32,\nde 2001)\n\uf24e Art. 63. Não será admitido aumento da despesa prevista:\nI - nos projetos de iniciativa exclusiva do Presidente da República, ressalvado o disposto no art. 166, § 3º e § 4º;\nII - nos projetos sobre organização dos serviços administrativos da Câmara dos Deputados, do Senado Federal,\ndos Tribunais Federais e do Ministério Público.\n\uf24e Art. 64. A discussão e votação dos projetos de lei de iniciativa do Presidente da República, do Supremo\nTribunal Federal e dos Tribunais Superiores terão início na Câmara dos Deputados.\n§ 1º O Presidente da República poderá solicitar urgência para apreciação de projetos de sua iniciativa.\n§ 2º Se, no caso do § 1º, a Câmara dos Deputados e o Senado Federal não se manifestarem sobre a proposição,\ncada qual sucessivamente, em até quarenta e cinco dias, sobrestar-se-ão todas as demais deliberações legislativas da\nrespectiva Casa, com exceção das que tenham prazo constitucional determinado, até que se ultime a votação.\xa0\xa0\xa0\xa0\xa0\xa0\xa0\xa0\xa0\xa0\xa0\n(Redação dada pela Emenda Constitucional nº 32, de ', 'rios e das massas de água represadas ou\nrepresáveis nas regiões de baixa renda, sujeitas a secas periódicas.\n§ 3º - Nas áreas a que se refere o § 2º, IV, a União incentivará a recuperação de terras áridas e cooperará com os\npequenos e médios proprietários rurais para o estabelecimento, em suas glebas, de fontes de água e de pequena\nirrigação.\n§ 4º Sempre que possível, a concessão dos incentivos regionais a que se refere o § 2º, III, considerará critérios de\nsustentabilidade ambiental e redução das emissões de carbono.\xa0\xa0\xa0 (Incluído pela Emenda Constitucional nº 132, de 2023)\nTÍTULO IV\nDA ORGANIZAÇÃO DOS PODERES\n(Redação dada pela Emenda Constitucional nº 80, de 2014)\nCAPÍTULO I\nDO PODER LEGISLATIVO\nSEÇÃO I\nDO CONGRESSO NACIONAL\n\uf24e Art. 44. O Poder Legislativo é exercido pelo Congresso Nacional, que se compõe da Câmara dos Deputados e\ndo Senado Federal.\nParágrafo único. Cada legislatura terá a duração de quatro anos.\n\uf24e Art. 45. A Câmara dos Deputados compõe-se de representantes do povo, eleitos, pelo sistema proporcional,\nem cada Estado, em cada Território e no Distrito Federal.\n§ 1º O número total de Deputados, bem como a representação por Estado e pelo Distrito Federal, será\nestabelecido por lei complementar, proporcionalmente à população, procedendo-se aos ajustes necessários, no ano\nanterior às eleições, para que nenhuma daquelas unidades ']","De acordo com o Art. 61, a iniciativa das leis complementares e ordinárias cabe a:

- qualquer membro ou Comissão da Câmara dos Deputados, do Senado Federal ou do Congresso Nacional,
- ao Presidente da República,
- ao Supremo Tribunal Federal,
- aos Tribunais Superiores,
- ao Procurador-Geral da República,
- aos cidadãos, na forma e nos casos previstos nesta Constituição.

Além disso, o Art. 62 também menciona que o Presidente da República pode adotar medidas provisórias, com força de lei, em caso de relevância e urgência. E o § 2º do Art. 61 estabelece que a iniciativa popular pode ser exercida pela apresentação à Câmara dos Deputados de projeto de lei subscrito por, no mínimo, um por cento do eleitorado nacional.","Qualquer membro ou Comissão da Câmara, do Senado ou do Congresso, o Presidente da República, o STF, os Tribunais Superiores, o Procurador-Geral da República e os cidadãos, nos casos previstos (Art. 61).",1.0,0.8341521370224181,1.0,0.9999999999
O que está escrito sobre a preservação da natureza no país?,"['- preservar a diversidade e a integridade do patrimônio genético do País e fiscalizar as entidades dedicadas à\npesquisa e manipulação de material genético;\xa0\xa0\xa0\xa0\xa0\xa0\xa0\xa0\xa0 (Regulamento)\xa0\xa0\xa0(Regulamento) \xa0\xa0\xa0\xa0(Regulamento)\xa0\xa0\xa0\xa0 (Regulamento)\nIII - definir, em todas as unidades da Federação, espaços territoriais e seus componentes a serem especialmente\nprotegidos, sendo a alteração e a supressão permitidas somente através de lei, vedada qualquer utilização que\ncomprometa a integridade dos atributos que justifiquem sua proteção;\xa0\xa0\xa0\xa0\xa0\xa0\xa0\xa0 (Regulamento)\nIV - exigir, na forma da lei, para instalação de obra ou atividade potencialmente causadora de significativa\ndegradação do meio ambiente, estudo prévio de impacto ambiental, a que se dará publicidade;\xa0\xa0\xa0\xa0\xa0\xa0\xa0\xa0\xa0 (Regulamento)\nV - controlar a produção, a comercialização e o emprego de técnicas, métodos e substâncias que comportem risco\npara a vida, a qualidade de vida e o meio ambiente; \xa0 (Regulamento)\nVI - promover a educação ambiental em todos os níveis de ensino e a conscientização pública para a preservação\ndo meio ambiente;\nVII - proteger a fauna e a flora, vedadas, na forma da lei, as práticas que coloquem em risco sua função ecológica,\nprovoquem a extinção de espécies ou submetam os animais a crueldade.\xa0\xa0\xa0\xa0\xa0\xa0\xa0\xa0 (Regulamento)\nVIII - manter regime fiscal favorecido para os biocombustíveis e para o hidrogênio de baixa emissão de carbono,\nna forma de lei complementar, a fim ', 'da lei, a colaboração de interesse\npúblico;\nII - recusar fé aos documentos públicos;\nIII - criar distinções entre brasileiros ou preferências entre si.\nCAPÍTULO II\nDA UNIÃO\n\uf24e Art. 20. São bens da União:\nI - os que atualmente lhe pertencem e os que lhe vierem a ser atribuídos;\nII - as terras devolutas indispensáveis à defesa das fronteiras, das fortificações e construções militares, das vias\nfederais de comunicação e à preservação ambiental, definidas em lei;\nIII - os lagos, rios e quaisquer correntes de água em terrenos de seu domínio, ou que banhem mais de um Estado,\nsirvam de limites com outros países, ou se estendam a território estrangeiro ou dele provenham, bem como os terrenos\nmarginais e as praias fluviais;\nIV as ilhas fluviais e lacustres nas zonas limítrofes com outros países; as praias marítimas; as ilhas oceânicas e as\ncosteiras, excluídas, destas, as que contenham a sede de Municípios, exceto aquelas áreas afetadas ao serviço público\ne a unidade ambiental federal, e as referidas no art. 26, II;\xa0\xa0\xa0\xa0\xa0\xa0\xa0\xa0\xa0\xa0\xa0\xa0\xa0\xa0\xa0\xa0 (Redação dada pela Emenda Constitucional nº 46,\nde 2005)\nV - os recursos naturais da plataforma continental e da zona econômica exclusiva;\nVI - o mar territorial;\nVII - os terrenos de marinha e seus acrescidos;\nVIII - os potenciais de energia hidráulica;\nIX - os recursos minerais, inclusive ', 'de assegurar-lhes tributação inferior à incidente sobre os combustíveis fósseis,\ncapaz de garantir diferencial competitivo em relação a estes, especialmente em relação às contribuições de que tratam o\nart. 195, I, ""b"", IV e V, e o art. 239 e aos impostos a que se referem os arts. 155, II, e 156-A.\xa0\xa0\xa0\xa0\xa0\xa0 \xa0(Redação dada pela\nEmenda Constitucional nº 132, de 2023)\n§ 2º Aquele que explorar recursos minerais fica obrigado a recuperar o meio ambiente degradado, de acordo com\nsolução técnica exigida pelo órgão público competente, na forma da lei.\n§ 3º As condutas e atividades consideradas lesivas ao meio ambiente sujeitarão os infratores, pessoas físicas ou\njurídicas, a sanções penais e administrativas, independentemente da obrigação de reparar os danos causados.\n§ 4º A Floresta Amazônica brasileira, a Mata Atlântica, a Serra do Mar, o Pantanal Mato-Grossense e a Zona\nCosteira são patrimônio nacional, e sua utilização far-se-á, na forma da lei, dentro de condições que assegurem a\npreservação do meio ambiente, inclusive quanto ao uso dos recursos naturais.\xa0 (Regulamento) \xa0\xa0\xa0 \xa0\xa0\xa0 (Regulamento)\n§ 5º São indisponíveis as terras devolutas ou arrecadadas pelos Estados, por ações discriminatórias, necessárias\nà proteção dos ecossistemas naturais.\n§ 6º As usinas que operem com reator nuclear deverão ter sua localização definida em lei federal, sem o que ', '672)\nIII - proteger os documentos, as obras e outros bens de valor histórico, artístico e cultural, os monumentos, as\npaisagens naturais notáveis e os sítios arqueológicos;\nIV - impedir a evasão, a destruição e a descaracterização de obras de arte e de outros bens de valor histórico,\nartístico ou cultural;\nV -\xa0 proporcionar os meios de acesso à cultura, à educação, à ciência, à tecnologia, à pesquisa e à\ninovação;\xa0\xa0\xa0\xa0\xa0\xa0\xa0\xa0\xa0\xa0\xa0\xa0\xa0\xa0 (Redação dada pela Emenda Constitucional nº 85, de 2015)\nVI - proteger o meio ambiente e combater a poluição em qualquer de suas formas;\nVII - preservar as florestas, a fauna e a flora;\nVIII - fomentar a produção agropecuária e organizar o abastecimento alimentar;\nIX - promover programas de construção de moradias e a melhoria das condições habitacionais e de saneamento\nbásico;\xa0\xa0\xa0\xa0\xa0\xa0\xa0 (Vide ADPF 672)\nX - combater as causas da pobreza e os fatores de marginalização, promovendo a integração social dos setores\ndesfavorecidos;\nXI - registrar, acompanhar e fiscalizar as concessões de direitos de pesquisa e exploração de recursos hídricos e\nminerais em seus territórios;\nXII - estabelecer e implantar política de educação para a segurança do trânsito.\nParágrafo único. Leis complementares fixarão normas para a cooperação entre a União e os Estados, o Distrito\nFederal e os Municípios, tendo em vista o equilíbrio do ', 'desenvolvimento e do bem-estar em âmbito nacional.\xa0\xa0\xa0\xa0\xa0\xa0\xa0\xa0\xa0\xa0\xa0\xa0\n(Redação dada pela Emenda Constitucional nº 53, de 2006)\n\uf24e Art. 24. Compete à União, aos Estados e ao Distrito Federal legislar concorrentemente sobre:\nI - direito tributário, financeiro, penitenciário, econômico e urbanístico;\xa0\xa0\xa0\xa0\xa0\xa0\xa0\xa0 \xa0 (Vide Lei nº 13.874, de 2019)\nII - orçamento;\nIII - juntas comerciais;\nIV - custas dos serviços forenses;\nV - produção e consumo;\nVI - florestas, caça, pesca, fauna, conservação da natureza, defesa do solo e dos recursos naturais, proteção do\nmeio ambiente e controle da poluição;\nVII - proteção ao patrimônio histórico, cultural, artístico, turístico e paisagístico;\nVIII - responsabilidade por dano ao meio ambiente, ao consumidor, a bens e direitos de valor artístico, estético,\nhistórico, turístico e paisagístico;\nIX - educação, cultura, ensino, desporto, ciência, tecnologia, pesquisa, desenvolvimento e inovação;\xa0\xa0\xa0\xa0\xa0\xa0\xa0\xa0\xa0\xa0\xa0\xa0\xa0\xa0\xa0\n(Redação dada pela Emenda Constitucional nº 85, de 2015)\nX - criação, funcionamento e processo do juizado de pequenas causas;\nXI - procedimentos em matéria processual;\nXII - previdência social, proteção e defesa da saúde;\xa0\xa0\xa0\xa0\xa0\xa0 (Vide ADPF 672)\nXIII - assistência jurídica e Defensoria pública;\nXIV - proteção e integração social das pessoas portadoras de deficiência;\nXV - proteção à infância e à juventude;\nXVI - organização, garantias, direitos e deveres das polícias civis.\n§ 1º No âmbito da legislação concorrente, a competência da União limitar-se-á a estabelecer ']","De acordo com os trechos fornecidos, sobre a preservação da natureza no país, está escrito que:

- A União, os Estados e o Distrito Federal devem legislar concorrentemente sobre florestas, caça, pesca, fauna, conservação da natureza, defesa do solo e dos recursos naturais, proteção do meio ambiente e controle da poluição (Art. 24, VI);
- A União deve proteger a fauna e a flora, vedadas as práticas que coloquem em risco sua função ecológica, provoquem a extinção de espécies ou submetam os animais a crueldade (VII);
- A União deve preservar a diversidade e a integridade do patrimônio genético do País e fiscalizar as entidades dedicadas à pesquisa e manipulação de material genético (I);
- A União deve definir, em todas as unidades da Federação, espaços territoriais e seus componentes a serem especialmente protegidos, sendo a alteração e a supressão permitidas somente através de lei, vedada qualquer utilização que comprometa a integridade dos atributos que justifiquem sua proteção (III);
- A União deve exigir, na forma da lei, para instalação de obra ou atividade potencialmente causadora de significativa degradação do meio ambiente, estudo prévio de impacto ambiental, a que se dará publicidade (IV);
- A União deve controlar a produção, a comercialização e o emprego de técnicas, métodos e substâncias que comportem risco para a vida, a qualidade de vida e o meio ambiente (V);
- A União deve promover a educação ambiental em todos os níveis de ensino e a conscientização pública para a preservação do meio ambiente (VI);
- A Floresta Amazônica brasileira, a Mata Atlântica, a Serra do Mar, o Pantanal Mato-Grossense e a Zona Costeira são patrimônio nacional, e sua utilização far-se-á, na forma da lei, dentro de condições que assegurem a preservação do meio ambiente, inclusive quanto ao uso dos recursos natur","Todos têm direito ao meio ambiente ecologicamente equilibrado, bem de uso comum do povo, e o poder público e a coletividade têm o dever de defendê-lo e preservá-lo (Art. 225).",1.0,0.7875479510276989,1.0,0.3333333333
Tem algum caso em que o governo não pode cobrar imposto?,"['forma do disposto no caput e no § 1º, assegurada a igualdade de\ntratamento em relação às aquisições internas.\xa0\xa0\xa0\xa0 (Incluído pela Emenda Constitucional nº 132, de 2023)\nSEÇÃO II\nDAS LIMITAÇÕES DO PODER DE TRIBUTAR\n\uf24e Art. 150. Sem prejuízo de outras garantias asseguradas ao contribuinte, é vedado à União, aos Estados, ao\nDistrito Federal e aos Municípios:\nI - exigir ou aumentar tributo sem lei que o estabeleça;\nII - instituir tratamento desigual entre contribuintes que se encontrem em situação equivalente, proibida qualquer\ndistinção em razão de ocupação profissional ou função por eles exercida, independentemente da denominação jurídica\ndos rendimentos, títulos ou direitos;\nIII - cobrar tributos:\na) em relação a fatos geradores ocorridos antes do início da vigência da lei que os houver instituído ou aumentado;\nb) no mesmo exercício financeiro em que haja sido publicada a lei que os instituiu ou aumentou;\xa0\xa0 (Vide Emenda\nConstitucional nº 3, de 1993)\nc) antes de decorridos noventa dias da data em que haja sido publicada a lei que os instituiu ou aumentou,\nobservado o disposto na alínea b;\xa0\xa0\xa0\xa0\xa0\xa0\xa0\xa0 (Incluído pela Emenda Constitucional nº 42, de 19.12.2003)\nIV - utilizar tributo com efeito de confisco;\nV - estabelecer limitações ao tráfego de pessoas ou bens, por meio de tributos interestaduais ou intermunicipais,\nressalvada a cobrança de pedágio pela utilização ', 'federal, estadual\nou municipal, que regule exclusivamente as matérias acima enumeradas ou o correspondente tributo ou contribuição,\nsem prejuízo do disposto no art. 155, § 2.º, XII, g.\xa0\xa0\xa0\xa0\xa0\xa0\xa0\xa0 (Redação dada pela Emenda Constitucional nº 3, de 1993)\n§ 7º A lei poderá atribuir a sujeito passivo de obrigação tributária a condição de responsável pelo pagamento de\nimposto ou contribuição, cujo fato gerador deva ocorrer posteriormente, assegurada a imediata e preferencial restituição\nda quantia paga, caso não se realize o fato gerador presumido.\xa0\xa0\xa0\xa0\xa0\xa0\xa0\xa0 (Incluído pela Emenda Constitucional nº 3, de 1993)\n\uf24e Art. 151. É vedado à União:\nI - instituir tributo que não seja uniforme em todo o território nacional ou que implique distinção ou preferência em\nrelação a Estado, ao Distrito Federal ou a Município, em detrimento de outro, admitida a concessão de incentivos fiscais\ndestinados a promover o equilíbrio do desenvolvimento sócio-econômico entre as diferentes regiões do País;\nII - tributar a renda das obrigações da dívida pública dos Estados, do Distrito Federal e dos Municípios, bem como\na remuneração e os proventos dos respectivos agentes públicos, em níveis superiores aos que fixar para suas\nobrigações e para seus agentes;\nIII - instituir isenções de tributos da competência dos Estados, do Distrito Federal ou dos Municípios.\n\uf24e Art. 152. É vedado aos ', '1% (um por cento) do valor de mercado do produto.\xa0\xa0\xa0\xa0\xa0 (Incluído pela Emenda Constitucional nº 132, de\n2023)\n\uf24e Art. 154. A União poderá instituir:\nI - mediante lei complementar, impostos não previstos no artigo anterior, desde que sejam não-cumulativos e não\ntenham fato gerador ou base de cálculo próprios dos discriminados nesta Constituição;\nII - na iminência ou no caso de guerra externa, impostos extraordinários, compreendidos ou não em sua\ncompetência tributária, os quais serão suprimidos, gradativamente, cessadas as causas de sua criação.\nSEÇÃO IV\nDOS IMPOSTOS DOS ESTADOS E DO DISTRITO FEDERAL\n\uf24e Art. 155. Compete aos Estados e ao Distrito Federal instituir impostos sobre:\xa0 \xa0 \xa0 \xa0 \xa0 \xa0 \xa0 \xa0 (Redação dada pela\nEmenda Constitucional nº 3, de 1993)\nI - transmissão causa mortis e doação, de quaisquer bens ou direitos;\xa0 \xa0 \xa0 \xa0 \xa0 \xa0 \xa0 \xa0 (Redação dada pela Emenda\nConstitucional nº 3, de 1993)\nII - operações relativas à circulação de mercadorias e sobre prestações de serviços de transporte interestadual e\nintermunicipal e de comunicação, ainda que as operações e as prestações se iniciem no exterior;\xa0\xa0\xa0\xa0\xa0\xa0\xa0\xa0 (Redação dada\npela Emenda Constitucional nº 3, de 1993)\xa0 (Vide Emenda Constitucional nº 132, de 2023)\xa0 Vigência\nIII - propriedade de veículos automotores.\xa0\xa0\xa0\xa0\xa0\xa0\xa0\xa0 (Redação dada pela Emenda Constitucional nº 3, de 1993)\n§ 1º ', 'o disposto no art. 150, III, ""b"", não se aplica aos impostos de que tratam os arts.\n155, I, ""a"" e ""b"", e 156, II e III, que podem ser cobrados trinta dias após a publicação da lei que os tenha instituído ou\naumentado.\n§ 7º Até que sejam fixadas em lei complementar, as alíquotas máximas do imposto municipal sobre vendas a\nvarejo de combustíveis líquidos e gasosos não excederão a três por cento.\n§ 8º Se, no prazo de sessenta dias contados da promulgação da Constituição, não for editada a lei complementar\nnecessária à instituição do imposto de que trata o art. 155, I, ""b"", os Estados e o Distrito Federal, mediante convênio\ncelebrado nos termos da Lei Complementar nº 24, de 7 de janeiro de 1975, fixarão normas para regular provisoriamente\na matéria.\n§ 9º Até que lei complementar disponha sobre a matéria, as empresas distribuidoras de energia elétrica, na\ncondição de contribuintes ou de substitutos tributários, serão as responsáveis, por ocasião da saída do produto de seus\nestabelecimentos, ainda que destinado a outra unidade da Federação, pelo pagamento do imposto sobre operações\nrelativas à circulação de mercadorias incidente sobre energia elétrica, desde a produção ou importação até a última\noperação, calculado o imposto sobre o preço então praticado na operação ', 'direito à mobilidade urbana eficiente; e\xa0\xa0\xa0\xa0\xa0\xa0\xa0\xa0 (Incluído pela Emenda Constitucional nº 82, de\n2014)\nII - compete, no âmbito dos Estados, do Distrito Federal e dos Municípios, aos respectivos órgãos ou entidades\nexecutivos e seus agentes de trânsito, estruturados em Carreira, na forma da lei.\xa0 \xa0 \xa0 \xa0 \xa0 \xa0 \xa0 \xa0 \xa0 (Incluído pela Emenda\nConstitucional nº 82, de 2014)\nTÍTULO VI\nDA TRIBUTAÇÃO E DO ORÇAMENTO\nCAPÍTULO I\nDO SISTEMA TRIBUTÁRIO NACIONAL\nSEÇÃO I\nDOS PRINCÍPIOS GERAIS\n\uf24e Art. 145. A União, os Estados, o Distrito Federal e os Municípios poderão instituir os seguintes tributos:\nI - impostos;\nII - taxas, em razão do exercício do poder de polícia ou pela utilização, efetiva ou potencial, de serviços públicos\nespecíficos e divisíveis, prestados ao contribuinte ou postos a sua disposição;\nIII - contribuição de melhoria, decorrente de obras públicas.\n§ 1º Sempre que possível, os impostos terão caráter pessoal e serão graduados segundo a capacidade econômica\ndo contribuinte, facultado à administração tributária, especialmente para conferir efetividade a esses objetivos, identificar,\nrespeitados os direitos individuais e nos termos da lei, o patrimônio, os rendimentos e as atividades econômicas do\ncontribuinte.\n§ 2º As taxas não poderão ter base de cálculo própria de impostos.\n§ 3º O Sistema Tributário Nacional deve observar os princípios da simplicidade, da transparência, da justiça\ntributária, da cooperação ']","Sim, existem vários casos em que o governo não pode cobrar imposto, de acordo com os trechos fornecidos. Alguns exemplos incluem:

- Exigir ou aumentar tributo sem lei que o estabeleça (Art. 150, I);
- Cobrar tributos em relação a fatos geradores ocorridos antes do início da vigência da lei que os houver instituído ou aumentado (Art. 150, III, a);
- Cobrar tributos no mesmo exercício financeiro em que haja sido publicada a lei que os instituiu ou aumentou, com algumas exceções (Art. 150, III, b);
- Cobrar tributos antes de decorridos noventa dias da data em que haja sido publicada a lei que os instituiu ou aumentou, com algumas exceções (Art. 150, III, c);
- Utilizar tributo com efeito de confisco (Art. 150, IV);
- Estabelecer limitações ao tráfego de pessoas ou bens, por meio de tributos interestaduais ou intermunicipais, ressalvada a cobrança de pedágio pela utilização de vias conservadas pelo Poder Público (Art. 150, V);
- Tributar a renda das obrigações da dívida pública dos Estados, do Distrito Federal e dos Municípios, bem como a remuneração e os proventos dos respectivos agentes públicos, em níveis superiores aos que fixar para suas obrigações e para seus agentes (Art. 151, II);
- Instituir isenções de tributos da competência dos Estados, do Distrito Federal ou dos Municípios (Art. 151, III).","A Constituição veda à União, Estados, DF e Municípios cobrar tributos em diversas hipóteses de imunidade e limitação ao poder de tributar (Art. 150).",1.0,0.9603897615745298,1.0,0.8874999999778125
Quais direitos sociais os trabalhadores têm e quem garante saúde para todo mundo?,"['em dois turnos, por três quintos dos votos dos respectivos membros, serão equivalentes às\nemendas constitucionais.\xa0\xa0\xa0\xa0\xa0\xa0\xa0\xa0\xa0\xa0\xa0 (Incluído pela Emenda Constitucional nº 45, de 2004)\xa0\xa0\xa0\xa0\xa0 (Vide ADIN 3392)\xa0\xa0\xa0\xa0\xa0 (Vide Atos\ndecorrentes do disposto no § 3º do art. 5º da Constituição)\xa0\n§ 4º O Brasil se submete à jurisdição de Tribunal Penal Internacional a cuja criação tenha manifestado\nadesão.\xa0\xa0\xa0\xa0\xa0\xa0\xa0\xa0\xa0\xa0\xa0\xa0\xa0\xa0 (Incluído pela Emenda Constitucional nº 45, de 2004)\nCAPÍTULO II\nDOS DIREITOS SOCIAIS\n\uf24e Art. 6º São direitos sociais a educação, a saúde, a alimentação, o trabalho, a moradia, o transporte, o lazer, a\nsegurança, a previdência social, a proteção à maternidade e à infância, a assistência aos desamparados, na forma desta\nConstituição.\xa0\xa0\xa0\xa0\xa0\xa0\xa0\xa0\xa0\xa0\xa0\xa0\xa0\xa0\xa0 (Redação dada pela Emenda Constitucional nº 90, de 2015)\nParágrafo único. Todo brasileiro em situação de vulnerabilidade social terá direito a uma renda básica familiar,\ngarantida pelo poder público em programa permanente de transferência de renda, cujas normas e requisitos de acesso\nserão determinados em lei, observada a legislação fiscal e orçamentária.\xa0\xa0\xa0\xa0\xa0\xa0\xa0 (Incluído pela Emenda Constitucional nº\n114, de 2021)\xa0\xa0\xa0\xa0 (Vide Lei nº 14.601, de 2023)\n\uf24e Art. 7º São direitos dos trabalhadores urbanos e rurais, além de outros que visem à melhoria de sua condição\nsocial:\nI - relação de emprego protegida contra despedida arbitrária ou sem justa causa, nos termos de lei complementar,\nque ', 'art. 239.\xa0\xa0\xa0\xa0\xa0 (Incluído pela Emenda Constitucional nº 132, de 2023)\n§ 18. Lei estabelecerá as hipóteses de devolução da contribuição prevista no inciso V do caput a pessoas físicas,\ninclusive em relação a limites e beneficiários, com o objetivo de reduzir as desigualdades de renda.\xa0\xa0\xa0\xa0\xa0\xa0 (Incluído pela\nEmenda Constitucional nº 132, de 2023)\n§ 19. A devolução de que trata o § 18 não será computada na receita corrente líquida da União para os fins do\ndisposto nos arts. 100, § 15, 166, §§ 9º, 12 e 17, e 198, § 2º.\xa0\xa0\xa0\xa0 (Incluído pela Emenda Constitucional nº 132, de 2023)\nSEÇÃO II\nDA SAÚDE\n\uf24e Art. 196. A saúde é direito de todos e dever do Estado, garantido mediante políticas sociais e econômicas que\nvisem à redução do risco de doença e de outros agravos e ao acesso universal e igualitário às ações e serviços para sua\npromoção, proteção e recuperação.\n\uf24e Art. 197. São de relevância pública as ações e serviços de saúde, cabendo ao Poder Público dispor, nos\ntermos da lei, sobre sua regulamentação, fiscalização e controle, devendo sua execução ser feita diretamente ou através\nde terceiros e, também, por pessoa física ou jurídica de direito privado.\n\uf24e Art. 198. As ações e serviços públicos de saúde integram uma rede regionalizada e ', 'nº 40, de 2003)\nVIII - (Revogado)\xa0\xa0\xa0\xa0\xa0\xa0\xa0\xa0 (Redação dada pela Emenda Constitucional nº 40, de 2003)\n§ 1°- (Revogado)\xa0\xa0\xa0\xa0\xa0\xa0\xa0\xa0 (Redação dada pela Emenda Constitucional nº 40, de 2003)\n§ 2°- (Revogado)\xa0\xa0\xa0\xa0\xa0\xa0\xa0\xa0 (Redação dada pela Emenda Constitucional nº 40, de 2003)\n§ 3°- (Revogado)\xa0\xa0\xa0\xa0\xa0\xa0\xa0\xa0 (Redação dada pela Emenda Constitucional nº 40, de 2003)\nTÍTULO VIII\nDA ORDEM SOCIAL\nCAPÍTULO I\nDISPOSIÇÃO GERAL\n\uf24e Art. 193. A ordem social tem como base o primado do trabalho, e como objetivo o bem-estar e a justiça sociais.\nParágrafo único. O Estado exercerá a função de planejamento das políticas sociais, assegurada, na forma da lei, a\nparticipação da sociedade nos processos de formulação, de monitoramento, de controle e de avaliação dessas\npolíticas.\xa0\xa0\xa0\xa0\xa0 (Incluído pela Emenda Constitucional nº 108, de 2020)\nCAPÍTULO II\nDA SEGURIDADE SOCIAL\nSEÇÃO I\nDISPOSIÇÕES GERAIS\n\uf24e Art. 194. A seguridade social compreende um conjunto integrado de ações de iniciativa dos Poderes Públicos e\nda sociedade, destinadas a assegurar os direitos relativos à saúde, à previdência e à assistência social.\nParágrafo único. Compete ao Poder Público, nos termos da lei, organizar a seguridade social, com base nos\nseguintes objetivos:\nI - universalidade da cobertura e do atendimento;\nII - uniformidade e equivalência dos benefícios e serviços às populações urbanas e rurais;\nIII - seletividade e distributividade na prestação dos benefícios e serviços;\nIV - irredutibilidade do ', 'preverá indenização compensatória, dentre outros direitos;\nII - seguro-desemprego, em caso de desemprego involuntário;\nIII - fundo de garantia do tempo de serviço;\nIV - salário mínimo , fixado em lei, nacionalmente unificado, capaz de atender a suas necessidades vitais básicas e\nàs de sua família com moradia, alimentação, educação, saúde, lazer, vestuário, higiene, transporte e previdência social,\ncom reajustes periódicos que lhe preservem o poder aquisitivo, sendo vedada sua vinculação para qualquer fim;\nV - piso salarial proporcional à extensão e à complexidade do trabalho;\nVI - irredutibilidade do salário, salvo o disposto em convenção ou acordo coletivo;\nVII - garantia de salário, nunca inferior ao mínimo, para os que percebem remuneração variável;\nVIII - décimo terceiro salário com base na remuneração integral ou no valor da aposentadoria;\nIX – remuneração do trabalho noturno superior à do diurno;\nX - proteção do salário na forma da lei, constituindo crime sua retenção dolosa;\nXI – participação nos lucros, ou resultados, desvinculada da remuneração, e, excepcionalmente, participação na\ngestão da empresa, conforme definido em lei;\nXII - salário-família pago em razão do dependente do trabalhador de baixa renda nos termos da lei; \xa0\xa0\xa0\xa0\xa0\xa0\xa0\xa0\xa0\xa0\xa0\xa0\xa0\xa0\n(Redação dada pela Emenda Constitucional nº 20, de 1998)\nXIII - duração do trabalho normal não superior a oito horas diárias e quarenta e ', 'valor dos benefícios;\nV - eqüidade na forma de participação no custeio;\nVI - diversidade da base de financiamento, identificando-se, em rubricas contábeis específicas para cada área,\nas receitas e as despesas vinculadas a ações de saúde, previdência e assistência social, preservado o caráter\ncontributivo da previdência social;\xa0\xa0\xa0\xa0\xa0\xa0\xa0\xa0 \xa0 (Redação dada pela Emenda Constitucional nº 103, de 2019)\nVII - caráter democrático e descentralizado da administração, mediante gestão quadripartite, com participação dos\ntrabalhadores, dos empregadores, dos aposentados e do Governo nos órgãos colegiados.\xa0\xa0\xa0\xa0\xa0\xa0\xa0\xa0 (Redação dada pela\nEmenda Constitucional nº 20, de 1998)\n\uf24e Art. 195. A seguridade social será financiada por toda a sociedade, de forma direta e indireta, nos termos da\nlei, mediante recursos provenientes dos orçamentos da União, dos Estados, do Distrito Federal e dos Municípios, e das\nseguintes contribuições sociais:\xa0\xa0\xa0\xa0 (Vide Emenda Constitucional nº 20, de 1998)\nI - do empregador, da empresa e da entidade a ela equiparada na forma da lei, incidentes sobre:\xa0\xa0\xa0\xa0\xa0\xa0\xa0\xa0 (Redação\ndada pela Emenda Constitucional nº 20, de 1998)\na) a folha de salários e demais rendimentos do trabalho pagos ou creditados, a qualquer título, à pessoa física que\nlhe preste serviço, mesmo sem vínculo empregatício;\xa0\xa0\xa0\xa0\xa0\xa0\xa0\xa0 (Incluído pela Emenda Constitucional nº 20, de 1998)\nb) a receita ou o faturamento;\xa0\xa0\xa0\xa0\xa0\xa0\xa0\xa0 (Incluído pela Emenda Constitucional nº 20, de ']","Os trabalhadores têm direitos sociais como relação de emprego protegida contra despedida arbitrária ou sem justa causa, salário mínimo, décimo terceiro salário, remuneração do trabalho noturno superior à do diurno, entre outros.

A saúde é garantida pelo Estado, como direito de todos, mediante políticas sociais e econômicas que visam à redução do risco de doença e ao acesso universal e igualitário às ações e serviços de saúde. O Poder Público é responsável por dispor sobre a regulamentação, fiscalização e controle das ações e serviços de saúde.","São direitos sociais educação, saúde, alimentação, trabalho, moradia, entre outros (Art. 6); a saúde é direito de todos e dever do Estado (Art. 196); e os trabalhadores urbanos e rurais têm direitos específicos (Art. 7).",0.8333333333333334,0.9017922237943404,1.0,0.9166666666361111
Quem é responsável por cuidar da saúde pública e proteger o meio ambiente ao mesmo tempo?,"['desenvolvimento e do bem-estar em âmbito nacional.\xa0\xa0\xa0\xa0\xa0\xa0\xa0\xa0\xa0\xa0\xa0\xa0\n(Redação dada pela Emenda Constitucional nº 53, de 2006)\n\uf24e Art. 24. Compete à União, aos Estados e ao Distrito Federal legislar concorrentemente sobre:\nI - direito tributário, financeiro, penitenciário, econômico e urbanístico;\xa0\xa0\xa0\xa0\xa0\xa0\xa0\xa0 \xa0 (Vide Lei nº 13.874, de 2019)\nII - orçamento;\nIII - juntas comerciais;\nIV - custas dos serviços forenses;\nV - produção e consumo;\nVI - florestas, caça, pesca, fauna, conservação da natureza, defesa do solo e dos recursos naturais, proteção do\nmeio ambiente e controle da poluição;\nVII - proteção ao patrimônio histórico, cultural, artístico, turístico e paisagístico;\nVIII - responsabilidade por dano ao meio ambiente, ao consumidor, a bens e direitos de valor artístico, estético,\nhistórico, turístico e paisagístico;\nIX - educação, cultura, ensino, desporto, ciência, tecnologia, pesquisa, desenvolvimento e inovação;\xa0\xa0\xa0\xa0\xa0\xa0\xa0\xa0\xa0\xa0\xa0\xa0\xa0\xa0\xa0\n(Redação dada pela Emenda Constitucional nº 85, de 2015)\nX - criação, funcionamento e processo do juizado de pequenas causas;\nXI - procedimentos em matéria processual;\nXII - previdência social, proteção e defesa da saúde;\xa0\xa0\xa0\xa0\xa0\xa0 (Vide ADPF 672)\nXIII - assistência jurídica e Defensoria pública;\nXIV - proteção e integração social das pessoas portadoras de deficiência;\nXV - proteção à infância e à juventude;\nXVI - organização, garantias, direitos e deveres das polícias civis.\n§ 1º No âmbito da legislação concorrente, a competência da União limitar-se-á a estabelecer ', 'estatal.\n§ 1º O Congresso Nacional apreciará o ato no prazo do art. 64, § 2º e § 4º, a contar do recebimento da mensagem.\n§ 2º A não renovação da concessão ou permissão dependerá de aprovação de, no mínimo, dois quintos do\nCongresso Nacional, em votação nominal.\n§ 3º O ato de outorga ou renovação somente produzirá efeitos legais após deliberação do Congresso Nacional, na\nforma dos parágrafos anteriores.\n§ 4º O cancelamento da concessão ou permissão, antes de vencido o prazo, depende de decisão judicial.\n§ 5º O prazo da concessão ou permissão será de dez anos para as emissoras de rádio e de quinze para as de\ntelevisão.\n\uf24e Art. 224. Para os efeitos do disposto neste capítulo, o Congresso Nacional instituirá, como seu órgão auxiliar, o\nConselho de Comunicação Social, na forma da lei.\nCAPÍTULO VI\nDO MEIO AMBIENTE\n\uf24e Art. 225. Todos têm direito ao meio ambiente ecologicamente equilibrado, bem de uso comum do povo e\nessencial à sadia qualidade de vida, impondo-se ao Poder Público e à coletividade o dever de defendê-lo e preservá- lo\npara as presentes e futuras gerações.\n§ 1º Para assegurar a efetividade desse direito, incumbe ao Poder Público:\nI - preservar e restaurar os processos ecológicos essenciais e prover o manejo ecológico das espécies e\necossistemas;\xa0\xa0\xa0\xa0\xa0\xa0\xa0\xa0 (Regulamento)\nII ', '\xa0 \xa0 \xa0 \xa0 \xa0 \xa0 \xa0 \xa0 \xa0 (Redação dada pela Emenda\nConstitucional nº 103, de 2019)\nXXII - competência da polícia federal e das polícias rodoviária e ferroviária federais;\nXXIII - seguridade social;\nXXIV - diretrizes e bases da educação nacional;\nXXV - registros públicos;\nXXVI - atividades nucleares de qualquer natureza;\nXXVII – normas gerais de licitação e contratação, em todas as modalidades, para as administrações públicas\ndiretas, autárquicas e fundacionais da União, Estados, Distrito Federal e Municípios, obedecido o disposto no art. 37,\nXXI, e para as empresas públicas e sociedades de economia mista, nos termos do art. 173, § 1°, III;\xa0\xa0\xa0\xa0\xa0\xa0\xa0\xa0\xa0\xa0\xa0\xa0\xa0\xa0\xa0 (Redação\ndada pela Emenda Constitucional nº 19, de 1998)\nXXVIII - defesa territorial, defesa aeroespacial, defesa marítima, defesa civil e mobilização nacional;\nXXIX - propaganda comercial.\nXXX - proteção e tratamento de dados pessoais.\xa0\xa0\xa0\xa0 (Incluído pela Emenda Constitucional nº 115, de 2022)\nParágrafo único. Lei complementar poderá autorizar os Estados a legislar sobre questões específicas das matérias\nrelacionadas neste artigo.\n\uf24e Art. 23. É competência comum da União, dos Estados, do Distrito Federal e dos Municípios:\nI - zelar pela guarda da Constituição, das leis e das instituições democráticas e conservar o patrimônio público;\nII - cuidar da saúde e assistência pública, da proteção e garantia das pessoas portadoras de deficiência;\xa0\xa0\xa0\xa0 (Vide\nADPF ', 'da lei:\nI - controlar e fiscalizar procedimentos, produtos e substâncias de interesse para a saúde e participar da produção\nde medicamentos, equipamentos, imunobiológicos, hemoderivados e outros insumos;\nII - executar as ações de vigilância sanitária e epidemiológica, bem como as de saúde do trabalhador;\nIII - ordenar a formação de recursos humanos na área de saúde;\nIV - participar da formulação da política e da execução das ações de saneamento básico;\nV - incrementar, em sua área de atuação, o desenvolvimento científico e tecnológico e a inovação;\xa0 \xa0 \xa0 \xa0 \xa0 \xa0 \xa0 \xa0\n(Redação dada pela Emenda Constitucional nº 85, de 2015)\nVI - fiscalizar e inspecionar alimentos, compreendido o controle de seu teor nutricional, bem como bebidas e águas\npara consumo humano;\nVII - participar do controle e fiscalização da produção, transporte, guarda e utilização de substâncias e produtos\npsicoativos, tóxicos e radioativos;\nVIII - colaborar na proteção do meio ambiente, nele compreendido o do trabalho.\nSEÇÃO III\nDA PREVIDÊNCIA SOCIAL\n\uf24e Art. 201. A previdência social será organizada sob a forma do Regime Geral de Previdência Social, de\ncaráter contributivo e de filiação obrigatória, observados critérios que preservem o equilíbrio financeiro e atuarial, e\natenderá, na forma da lei, a:\xa0\xa0\xa0\xa0\xa0\xa0 \xa0\xa0 (Redação dada pela Emenda Constitucional nº 103, de 2019)\nI - cobertura dos ', '5º A lei, sem prejuízo da responsabilidade individual dos dirigentes da pessoa jurídica, estabelecerá a\nresponsabilidade desta, sujeitando-a às punições compatíveis com sua natureza, nos atos praticados contra a ordem\neconômica e financeira e contra a economia popular.\n\uf24e Art. 174. Como agente normativo e regulador da atividade econômica, o Estado exercerá, na forma da lei, as\nfunções de fiscalização, incentivo e planejamento, sendo este determinante para o setor público e indicativo para o setor\nprivado.\xa0\xa0\xa0\xa0\xa0\xa0\xa0\xa0\xa0\xa0 (Vide Lei nº 13.874, de 2019)\n§ 1º A lei estabelecerá as diretrizes e bases do planejamento do desenvolvimento nacional equilibrado, o qual\nincorporará e compatibilizará os planos nacionais e regionais de desenvolvimento.\n§ 2º A lei apoiará e estimulará o cooperativismo e outras formas de associativismo.\n§ 3º O Estado favorecerá a organização da atividade garimpeira em cooperativas, levando em conta a proteção do\nmeio ambiente e a promoção econômico-social dos garimpeiros.\n§ 4º As cooperativas a que se refere o parágrafo anterior terão prioridade na autorização ou concessão para\npesquisa e lavra dos recursos e jazidas de minerais garimpáveis, nas áreas onde estejam atuando, e naquelas fixadas de\nacordo com o art. 21, XXV, na forma da lei.\n\uf24e Art. 175. Incumbe ao Poder Público, na forma da lei, diretamente ou sob regime de concessão ou ']","A União, os Estados, o Distrito Federal e os Municípios, conforme o Art. 23, que estabelece como competência comum ""cuidar da saúde e assistência pública"" e, no Art. 225, § 1º, incumbe ao Poder Público ""preservar e restaurar os processos ecológicos essenciais"" e ""prover o manejo ecológico das espécies e ecossistemas"" para proteger o meio ambiente. Além disso, o Art. 23 também menciona a competência comum para ""zelar pela guarda da Constituição, das leis e das instituições democráticas e conservar o patrimônio público"", o que pode incluir a proteção do meio ambiente como parte do patrimônio público.","É competência comum da União, Estados, DF e Municípios cuidar da saúde e proteger o meio ambiente (Art. 23), complementada pelo dever do Estado com a saúde (Art. 196) e a preservação ambiental (Art. 225).",0.8461538461538461,0.790231111838986,0.5,0.5833333333041666
Como o Brasil garante o acesso à escola e quem tem esse direito garantido de forma mais ampla?,"['- qualquer outra despesa corrente não vinculada diretamente aos investimentos ou ações apoiados.\xa0 \xa0 \xa0 \xa0 \xa0 \xa0 \xa0 \xa0\n(Incluído pela Emenda Constitucional nº 42, de 19.12.2003)\nCAPÍTULO III\nDA EDUCAÇÃO, DA CULTURA E DO DESPORTO\nSEÇÃO I\nDA EDUCAÇÃO\n\uf24e Art. 205. A educação, direito de todos e dever do Estado e da família, será promovida e incentivada com a\ncolaboração da sociedade, visando ao pleno desenvolvimento da pessoa, seu preparo para o exercício da cidadania e\nsua qualificação para o trabalho.\n\uf24e Art. 206. O ensino será ministrado com base nos seguintes princípios:\nI - igualdade de condições para o acesso e permanência na escola;\nII - liberdade de aprender, ensinar, pesquisar e divulgar o pensamento, a arte e o saber;\nIII - pluralismo de idéias e de concepções pedagógicas, e coexistência de instituições públicas e privadas de\nensino;\nIV - gratuidade do ensino público em estabelecimentos oficiais;\nV - valorização dos profissionais da educação escolar, garantidos, na forma da lei, planos de carreira, com\ningresso exclusivamente por concurso público de provas e títulos, aos das redes públicas;\xa0\xa0\xa0\xa0\xa0\xa0\xa0\xa0 (Redação dada pela\nEmenda Constitucional nº 53, de 2006)\xa0\xa0\xa0 (Vide Lei nº 14.817, de 2024)\nVI - gestão democrática do ensino público, na forma da lei;\nVII - garantia de padrão de qualidade.\nVIII - piso salarial profissional nacional ', 'para os profissionais da educação escolar pública, nos termos de lei\nfederal.\xa0\xa0\xa0\xa0\xa0\xa0\xa0\xa0 (Incluído pela Emenda Constitucional nº 53, de 2006)\nIX - garantia do direito à educação e à aprendizagem ao longo da vida.\xa0\xa0\xa0\xa0\xa0\xa0 (Incluído pela Emenda Constitucional\nnº 108, de 2020)\nParágrafo único. A lei disporá sobre as categorias de trabalhadores considerados profissionais da educação básica\ne sobre a fixação de prazo para a elaboração ou adequação de seus planos de carreira, no âmbito da União, dos\nEstados, do Distrito Federal e dos Municípios.\xa0\xa0\xa0\xa0\xa0\xa0\xa0\xa0 (Incluído pela Emenda Constitucional nº 53, de 2006)\n\uf24e Art. 207. As universidades gozam de autonomia didático-científica, administrativa e de gestão financeira e\npatrimonial, e obedecerão ao princípio de indissociabilidade entre ensino, pesquisa e extensão.\n§ 1º É facultado às universidades admitir professores, técnicos e cientistas estrangeiros, na forma da lei.\xa0\xa0\xa0\xa0\xa0\xa0\xa0\n\xa0(Incluído pela Emenda Constitucional nº 11, de 1996)\n§ 2º O disposto neste artigo aplica-se às instituições de pesquisa científica e tecnológica.\xa0\xa0\xa0\xa0\xa0\xa0\xa0\xa0 (Incluído pela\nEmenda Constitucional nº 11, de 1996)\n\uf24e Art. 208. O dever do Estado com a educação será efetivado mediante a garantia de:\nI - educação básica obrigatória e gratuita dos 4 (quatro) aos 17 (dezessete) anos de idade, assegurada inclusive\nsua oferta gratuita para todos os que a ela não tiveram acesso na idade própria;\xa0\xa0\xa0\xa0\xa0\xa0\xa0\xa0 ', 'na assistência materno-infantil;\nII - criação de programas de prevenção e atendimento especializado para as pessoas portadoras de deficiência\nfísica, sensorial ou mental, bem como de integração social do adolescente e do jovem portador de deficiência,\nmediante o treinamento para o trabalho e a convivência, e a facilitação do acesso aos bens e serviços coletivos, com\na eliminação de obstáculos arquitetônicos e de todas as formas de discriminação.\xa0\xa0\xa0\xa0\xa0\xa0\xa0\xa0 (Redação dada Pela Emenda\nConstitucional nº 65, de 2010)\n§ 2º A lei disporá sobre normas de construção dos logradouros e dos edifícios de uso público e de fabricação de\nveículos de transporte coletivo, a fim de garantir acesso adequado às pessoas portadoras de deficiência.\n§ 3º O direito a proteção especial abrangerá os seguintes aspectos:\nI - idade mínima de quatorze anos para admissão ao trabalho, observado o disposto no art. 7º, XXXIII;\nII - garantia de direitos previdenciários e trabalhistas;\nIII - garantia de acesso do trabalhador adolescente e jovem à escola;\xa0 \xa0 \xa0 \xa0 \xa0 \xa0 \xa0 \xa0 (Redação dada Pela Emenda\nConstitucional nº 65, de 2010)\nIV - garantia de pleno e formal conhecimento da atribuição de ato infracional, igualdade na relação processual e\ndefesa técnica por profissional habilitado, segundo dispuser a legislação tutelar específica;\nV - obediência aos princípios de brevidade, excepcionalidade ', '(Redação dada pela Emenda\nConstitucional nº 59, de 2009) (Vide Emenda Constitucional nº 59, de 2009)\nII - progressiva universalização do ensino médio gratuito;\xa0\xa0\xa0\xa0\xa0\xa0\xa0\xa0 (Redação dada pela Emenda Constitucional nº 14,\nde 1996)\nIII - atendimento educacional especializado aos portadores de deficiência, preferencialmente na rede regular de\nensino;\nIV - educação infantil, em creche e pré-escola, às crianças até 5 (cinco) anos de idade;\xa0\xa0\xa0\xa0\xa0\xa0\xa0\xa0 (Redação dada pela\nEmenda Constitucional nº 53, de 2006)\nV - acesso aos níveis mais elevados do ensino, da pesquisa e da criação artística, segundo a capacidade de cada\num;\nVI - oferta de ensino noturno regular, adequado às condições do educando;\nVII - atendimento ao educando, em todas as etapas da educação básica, por meio de programas suplementares\nde material didático-escolar, transporte, alimentação e assistência à saúde.\xa0 \xa0 \xa0 \xa0 \xa0 \xa0 \xa0 \xa0 (Redação dada pela Emenda\nConstitucional nº 59, de 2009)\n§ 1º O acesso ao ensino obrigatório e gratuito é direito público subjetivo.\n§ 2º O não-oferecimento do ensino obrigatório pelo Poder Público, ou sua oferta irregular, importa\nresponsabilidade da autoridade competente.\n§ 3º Compete ao Poder Público recensear os educandos no ensino fundamental, fazer-lhes a chamada e zelar,\njunto aos pais ou responsáveis, pela freqüência à escola.\n\uf24e Art. 209. O ensino é livre à iniciativa privada, atendidas as seguintes ', 'fundamental e médio.\xa0\xa0\xa0\xa0\xa0\xa0\xa0\xa0 (Incluído pela\nEmenda Constitucional nº 14, de 1996)\n§ 4º Na organização de seus sistemas de ensino, a União, os Estados, o Distrito Federal e os Municípios definirão\nformas de colaboração, de forma a assegurar a universalização, a qualidade e a equidade do ensino obrigatório.\xa0\xa0\xa0\xa0\xa0\n(Redação dada pela Emenda Constitucional nº 108, de 2020)\n§ 5º A educação básica pública atenderá prioritariamente ao ensino regular.\xa0 \xa0 \xa0 \xa0 \xa0 \xa0 \xa0 \xa0 (Incluído pela Emenda\nConstitucional nº 53, de 2006)\n§ 6º A União, os Estados, o Distrito Federal e os Municípios exercerão ação redistributiva em relação a suas\nescolas.\xa0\xa0\xa0\xa0 (Incluído pela Emenda Constitucional nº 108, de 2020)\n§ 7º O padrão mínimo de qualidade de que trata o § 1º deste artigo considerará as condições adequadas de oferta\ne terá como referência o Custo Aluno Qualidade (CAQ), pactuados em regime de colaboração na forma disposta em lei\ncomplementar, conforme o parágrafo único do art. 23 desta Constituição.\xa0\xa0\xa0\xa0\xa0\xa0 (Incluído pela Emenda Constitucional nº\n108, de 2020)\n\uf24e Art. 212. A União aplicará, anualmente, nunca menos de dezoito, e os Estados, o Distrito Federal e os\nMunicípios vinte e cinco por cento, no mínimo, da receita resultante de impostos, compreendida a proveniente de\ntransferências, na manutenção e desenvolvimento do ensino.\n§ 1º A parcela ']","O Brasil garante o acesso à escola por meio da garantia de educação básica obrigatória e gratuita dos 4 (quatro) aos 17 (dezessete) anos de idade, assegurada inclusive sua oferta gratuita para todos os que a ela não tiveram acesso na idade própria. Esse direito é garantido de forma mais ampla para as pessoas portadoras de deficiência, que têm direito a atendimento educacional especializado, preferencialmente na rede regular de ensino, e para os trabalhadores adolescentes e jovens, que têm garantia de acesso à escola. Além disso, o acesso ao ensino obrigatório e gratuito é considerado um direito público subjetivo.","A educação é direito de todos e dever do Estado e da família (Art. 205), sendo também um dos direitos sociais listados de forma geral (Art. 6).",1.0,0.8367191804167461,0.5,0.99999999995
Como os três poderes se organizam e quais tribunais existem para julgar as pessoas?,"['à segurança do território nacional e\nopinar sobre seu efetivo uso, especialmente na faixa de fronteira e nas relacionadas com a preservação e a exploração\ndos recursos naturais de qualquer tipo;\nIV - estudar, propor e acompanhar o desenvolvimento de iniciativas necessárias a garantir a independência\nnacional e a defesa do Estado democrático.\n§ 2º A lei regulará a organização e o funcionamento do Conselho de Defesa Nacional.\xa0\xa0\xa0 (Vide Lei nº 8.183, de\n1991)\nCAPÍTULO III\nDO PODER JUDICIÁRIO\nSEÇÃO I\nDISPOSIÇÕES GERAIS\n\uf24e Art. 92. São órgãos do Poder Judiciário:\nI - o Supremo Tribunal Federal;\nI-A o Conselho Nacional de Justiça;\xa0\xa0\xa0\xa0\xa0\xa0\xa0\xa0\xa0\xa0\xa0\xa0 (Incluído pela Emenda Constitucional nº 45, de 2004)\xa0\xa0\xa0\xa0\nII - o Superior Tribunal de Justiça;\nII-A - o Tribunal Superior do Trabalho;\xa0\xa0\xa0\xa0\xa0\xa0\xa0\xa0\xa0\xa0\xa0\xa0\xa0\xa0\xa0\xa0 (Incluído pela Emenda Constitucional nº 92, de 2016)\nIII - os Tribunais Regionais Federais e Juízes Federais;\nIV - os Tribunais e Juízes do Trabalho;\nV - os Tribunais e Juízes Eleitorais;\nVI - os Tribunais e Juízes Militares;\nVII - os Tribunais e Juízes dos Estados e do Distrito Federal e Territórios.\n§ 1º O Supremo Tribunal Federal, o Conselho Nacional de Justiça e os Tribunais Superiores têm sede na Capital\nFederal.\xa0\xa0\xa0\xa0\xa0\xa0\xa0\xa0\xa0\xa0\xa0\xa0 (Incluído pela Emenda Constitucional nº 45, de 2004)\xa0\xa0\xa0\xa0\xa0\xa0 (Vide ADIN 3392)\n§ 2º O Supremo Tribunal Federal e os Tribunais Superiores têm jurisdição em todo ', 'extinção dos tribunais inferiores;\nd) a alteração da organização e da divisão judiciárias;\nIII - aos Tribunais de Justiça julgar os juízes estaduais e do Distrito Federal e Territórios, bem como os membros do\nMinistério Público, nos crimes comuns e de responsabilidade, ressalvada a competência da Justiça Eleitoral.\nParágrafo único. Nos Tribunais de Justiça compostos de mais de 170 (cento e setenta) desembargadores em\nefetivo exercício, a eleição para os cargos diretivos, de que trata a alínea ""a"" do inciso I docaputdeste artigo, será\nrealizada entre os membros do tribunal pleno, por maioria absoluta e por voto direto e secreto, para um mandato de 2\n(dois) anos, vedada mais de 1 (uma) recondução sucessiva.\xa0\xa0\xa0\xa0\xa0 (Incluído pela Emenda Constitucional nº 134, de 2024)\n\uf24e Art. 97. Somente pelo voto da maioria absoluta de seus membros ou dos membros do respectivo órgão\nespecial poderão os tribunais declarar a inconstitucionalidade de lei ou ato normativo do Poder Público.\xa0\xa0\xa0\xa0\xa0 (Vide Lei nº\n13.105, de 2015) (Vigência)\n\uf24e Art. 98. A União, no Distrito Federal e nos Territórios, e os Estados criarão:\nI - juizados especiais, providos por juízes togados, ou togados e leigos, competentes para a conciliação, o\njulgamento e a execução de causas cíveis de menor complexidade e infrações penais de menor potencial ofensivo,\nmediante os procedimentos ', 'Constitucional nº 122, de 2022)\nI - um terço dentre juízes dos Tribunais Regionais Federais e um terço dentre desembargadores dos Tribunais de\nJustiça, indicados em lista tríplice elaborada pelo próprio Tribunal;\nII - um terço, em partes iguais, dentre advogados e membros do Ministério Público Federal, Estadual, do Distrito\nFederal e Territórios, alternadamente, indicados na forma do art. 94.\n\uf24e Art. 105. Compete ao Superior Tribunal de Justiça:\nI - processar e julgar, originariamente:\na) nos crimes comuns, os Governadores dos Estados e do Distrito Federal, e, nestes e nos de responsabilidade,\nos desembargadores dos Tribunais de Justiça dos Estados e do Distrito Federal, os membros dos Tribunais de Contas\ndos Estados e do Distrito Federal, os dos Tribunais Regionais Federais, dos Tribunais Regionais Eleitorais e do Trabalho,\nos membros dos Conselhos ou Tribunais de Contas dos Municípios e os do Ministério Público da União que oficiem\nperante tribunais;\nb) os mandados de segurança e os habeas data contra ato de Ministro de Estado, dos Comandantes da Marinha,\ndo Exército e da Aeronáutica ou do próprio Tribunal; \xa0\xa0\xa0\xa0\xa0\xa0\xa0\xa0\xa0\xa0\xa0\xa0\xa0\xa0 (Redação dada pela Emenda Constitucional nº 23, de\n1999)\nc) os habeas corpus, quando o coator ou paciente for qualquer das pessoas mencionadas na alínea a, ou quando\no coator for tribunal sujeito à sua jurisdição, Ministro ', 'MILITARES\n\uf24e Art. 122. São órgãos da Justiça Militar:\nI - o Superior Tribunal Militar;\nII - os Tribunais e Juízes Militares instituídos por lei.\n\uf24e Art. 123. O Superior Tribunal Militar compor-se-á de quinze Ministros vitalícios, nomeados pelo Presidente da\nRepública, depois de aprovada a indicação pelo Senado Federal, sendo três dentre oficiais-generais da Marinha, quatro\ndentre oficiais-generais do Exército, três dentre oficiais-generais da Aeronáutica, todos da ativa e do posto mais elevado\nda carreira, e cinco dentre civis.\nParágrafo único. Os Ministros civis serão escolhidos pelo Presidente da República dentre brasileiros com mais\nde trinta e cinco e menos de setenta anos de idade, sendo:\xa0\xa0\xa0\xa0\xa0\xa0 (Redação dada pela Emenda Constitucional nº 122, de\n2022)\nI - três dentre advogados de notório saber jurídico e conduta ilibada, com mais de dez anos de efetiva atividade\nprofissional;\nII - dois, por escolha paritária, dentre juízes auditores e membros do Ministério Público da Justiça Militar.\n\uf24e Art. 124. à Justiça Militar compete processar e julgar os crimes militares definidos em lei.\nParágrafo único. A lei disporá sobre a organização, o funcionamento e a competência da Justiça Militar.\nSEÇÃO VIII\nDOS TRIBUNAIS E JUÍZES DOS ESTADOS\n\uf24e Art. 125. Os Estados organizarão sua Justiça, observados os princípios estabelecidos nesta Constituição.\n§ 1º A competência dos tribunais será definida na Constituição do ', 'juiz de Tribunal Regional Federal.\n\uf24e Art. 74. Os Poderes Legislativo, Executivo e Judiciário manterão, de forma integrada, sistema de controle\ninterno com a finalidade de:\nI - avaliar o cumprimento das metas previstas no plano plurianual, a execução dos programas de governo e dos\norçamentos da União;\nII - comprovar a legalidade e avaliar os resultados, quanto à eficácia e eficiência, da gestão orçamentária,\nfinanceira e patrimonial nos órgãos e entidades da administração federal, bem como da aplicação de recursos públicos\npor entidades de direito privado;\nIII - exercer o controle das operações de crédito, avais e garantias, bem como dos direitos e haveres da União;\nIV - apoiar o controle externo no exercício de sua missão institucional.\n§ 1º Os responsáveis pelo controle interno, ao tomarem conhecimento de qualquer irregularidade ou ilegalidade,\ndela darão ciência ao Tribunal de Contas da União, sob pena de responsabilidade solidária.\n§ 2º Qualquer cidadão, partido político, associação ou sindicato é parte legítima para, na forma da lei, denunciar\nirregularidades ou ilegalidades perante o Tribunal de Contas da União.\n\uf24e Art. 75. Os Tribunais de Contas são instituições permanentes, essenciais ao exercício do controle externo, e as\nnormas estabelecidas nesta Seção aplicam-se, no que couber, à organização, composição e fiscalização dos Tribunais\nde Contas dos Estados e do Distrito ']","Os três poderes (Legislativo, Executivo e Judiciário) mantêm um sistema de controle interno integrado, com o objetivo de avaliar o cumprimento das metas, comprovar a legalidade e eficácia da gestão orçamentária e financeira, e exercer o controle das operações de crédito e direitos da União.

Quanto aos tribunais, existem vários, incluindo:

- Supremo Tribunal Federal
- Conselho Nacional de Justiça
- Superior Tribunal de Justiça
- Tribunal Superior do Trabalho
- Tribunais Regionais Federais
- Tribunais e Juízes do Trabalho
- Tribunais e Juízes Eleitorais
- Tribunais e Juízes Militares
- Tribunais e Juízes dos Estados e do Distrito Federal e Territórios
- Superior Tribunal Militar
- Tribunais e Juízes Militares

Cada um desses tribunais tem competências específicas, como julgar crimes comuns, crimes militares, processar e julgar governadores, desembargadores, membros do Ministério Público, entre outros. Além disso, existem também tribunais de contas, como o Tribunal de Contas da União, que exercem o controle externo sobre a gestão orçamentária e financeira dos órgãos e entidades da administração federal.","São Poderes da União o Legislativo, o Executivo e o Judiciário, independentes e harmônicos entre si (Art. 2); o Judiciário é composto por STF, CNJ, STJ e outros tribunais (Art. 92); o Legislativo é exercido pelo Congresso Nacional (Art. 44).",0.96,0.6557125392226076,0.3333333333333333,0.9999999999
"Dá para mudar a Constituição? Se sim, quem propõe e qual a diferença para propor uma lei comum?","['nos regimentos das respectivas Casas, serão criadas pela Câmara dos Deputados e\npelo Senado Federal, em conjunto ou separadamente, mediante requerimento de um terço de seus membros, para a\napuração de fato determinado e por prazo certo, sendo suas conclusões, se for o caso, encaminhadas ao Ministério\nPúblico, para que promova a responsabilidade civil ou criminal dos infratores.\n§ 4º Durante o recesso, haverá uma Comissão representativa do Congresso Nacional, eleita por suas Casas na\núltima sessão ordinária do período legislativo, com atribuições definidas no regimento comum, cuja composição\nreproduzirá, quanto possível, a proporcionalidade da representação partidária.\nSEÇÃO VIII\nDO PROCESSO LEGISLATIVO\nSUBSEÇÃO I\nDISPOSIÇÃO GERAL\n\uf24e Art. 59. O processo legislativo compreende a elaboração de:\nI - emendas à Constituição;\nII - leis complementares;\nIII - leis ordinárias;\nIV - leis delegadas;\nV - medidas provisórias;\nVI - decretos legislativos;\nVII - resoluções.\nParágrafo único. Lei complementar disporá sobre a elaboração, redação, alteração e consolidação das leis.\nSUBSEÇÃO II\nDA EMENDA À CONSTITUIÇÃO\n\uf24e Art. 60. A Constituição poderá ser emendada mediante proposta:\nI - de um terço, no mínimo, dos membros da Câmara dos Deputados ou do Senado Federal;\nII - do Presidente da República;\nIII - de mais da metade das Assembléias Legislativas das unidades da Federação, manifestando-se, cada uma\ndelas, pela maioria relativa de seus membros.\n§ 1º A Constituição não poderá ser ', 'emendada na vigência de intervenção federal, de estado de defesa ou de\nestado de sítio.\n§ 2º A proposta será discutida e votada em cada Casa do Congresso Nacional, em dois turnos, considerando-se\naprovada se obtiver, em ambos, três quintos dos votos dos respectivos membros.\n§ 3º A emenda à Constituição será promulgada pelas Mesas da Câmara dos Deputados e do Senado Federal, com\no respectivo número de ordem.\n§ 4º Não será objeto de deliberação a proposta de emenda tendente a abolir:\nI - a forma federativa de Estado;\nII - o voto direto, secreto, universal e periódico;\nIII - a separação dos Poderes;\nIV - os direitos e garantias individuais.\n§ 5º A matéria constante de proposta de emenda rejeitada ou havida por prejudicada não pode ser objeto de nova\nproposta na mesma sessão legislativa.\nSUBSEÇÃO III\nDAS LEIS\n\uf24e Art. 61. A iniciativa das leis complementares e ordinárias cabe a qualquer membro ou Comissão da Câmara\ndos Deputados, do Senado Federal ou do Congresso Nacional, ao Presidente da República, ao Supremo Tribunal\nFederal, aos Tribunais Superiores, ao Procurador-Geral da República e aos cidadãos, na forma e nos casos previstos\nnesta Constituição.\n§ 1º São de iniciativa privativa do Presidente da República as leis que:\nI - fixem ou modifiquem os efetivos das Forças Armadas;\nII - disponham sobre:\na) ', 'de 2 de fevereiro a 17 de julho e\nde 1º de agosto a 22 de dezembro.\xa0\xa0\xa0\xa0\xa0\xa0\xa0\xa0\xa0\xa0\xa0\xa0\xa0 (Redação dada pela Emenda Constitucional nº 50, de 2006)\xa0\xa0\xa0\n§ 1º As reuniões marcadas para essas datas serão transferidas para o primeiro dia útil subseqüente, quando\nrecaírem em sábados, domingos ou feriados.\n§ 2º A sessão legislativa não será interrompida sem a aprovação do projeto de lei de diretrizes orçamentárias.\n§ 3º Além de outros casos previstos nesta Constituição, a Câmara dos Deputados e o Senado Federal reunir-se-ão\nem sessão conjunta para:\nI - inaugurar a sessão legislativa;\nII - elaborar o regimento comum e regular a criação de serviços comuns às duas Casas;\nIII - receber o compromisso do Presidente e do Vice-Presidente da República;\nIV - conhecer do veto e sobre ele deliberar.\n§ 4º Cada uma das Casas reunir-se-á em sessões preparatórias, a partir de 1º de fevereiro, no primeiro ano da\nlegislatura, para a posse de seus membros e eleição das respectivas Mesas, para mandato de 2 (dois) anos, vedada a\nrecondução para o mesmo cargo na eleição imediatamente subseqüente.\xa0 \xa0 \xa0 \xa0 \xa0 \xa0 \xa0 \xa0 \xa0 \xa0 \xa0 (Redação dada pela Emenda\nConstitucional nº 50, de 2006)\n§ 5º A Mesa do Congresso Nacional será presidida pelo Presidente do Senado Federal, e ', 'durante sua vigência\nconservar-se-ão por ela regidas.\xa0\xa0\xa0\xa0\xa0\xa0\xa0\xa0\xa0\xa0\xa0 (Incluído pela Emenda Constitucional nº 32, de 2001)\n§ 12. Aprovado projeto de lei de conversão alterando o texto original da medida provisória, esta manter-se-á\nintegralmente em vigor até que seja sancionado ou vetado o projeto.\xa0\xa0\xa0\xa0\xa0\xa0\xa0\xa0\xa0\xa0\xa0\xa0 (Incluído pela Emenda Constitucional nº 32,\nde 2001)\n\uf24e Art. 63. Não será admitido aumento da despesa prevista:\nI - nos projetos de iniciativa exclusiva do Presidente da República, ressalvado o disposto no art. 166, § 3º e § 4º;\nII - nos projetos sobre organização dos serviços administrativos da Câmara dos Deputados, do Senado Federal,\ndos Tribunais Federais e do Ministério Público.\n\uf24e Art. 64. A discussão e votação dos projetos de lei de iniciativa do Presidente da República, do Supremo\nTribunal Federal e dos Tribunais Superiores terão início na Câmara dos Deputados.\n§ 1º O Presidente da República poderá solicitar urgência para apreciação de projetos de sua iniciativa.\n§ 2º Se, no caso do § 1º, a Câmara dos Deputados e o Senado Federal não se manifestarem sobre a proposição,\ncada qual sucessivamente, em até quarenta e cinco dias, sobrestar-se-ão todas as demais deliberações legislativas da\nrespectiva Casa, com exceção das que tenham prazo constitucional determinado, até que se ultime a votação.\xa0\xa0\xa0\xa0\xa0\xa0\xa0\xa0\xa0\xa0\xa0\n(Redação dada pela Emenda Constitucional nº 32, de ', 'criação de cargos, funções ou empregos públicos na administração direta e autárquica ou aumento de sua\nremuneração;\nb) organização administrativa e judiciária, matéria tributária e orçamentária, serviços públicos e pessoal da\nadministração dos Territórios;\nc) servidores públicos da União e Territórios, seu regime jurídico, provimento de cargos, estabilidade e\naposentadoria; \xa0\xa0\xa0\xa0\xa0\xa0\xa0\xa0\xa0\xa0 (Redação dada pela Emenda Constitucional nº 18, de 1998)\nd) organização do Ministério Público e da Defensoria Pública da União, bem como normas gerais para a\norganização do Ministério Público e da Defensoria Pública dos Estados, do Distrito Federal e dos Territórios;\ne) criação e extinção de Ministérios e órgãos da administração pública, observado o disposto no art. 84, VI;\xa0\xa0\xa0\xa0\xa0\xa0\xa0\xa0\xa0\xa0\xa0\xa0\xa0\n(Redação dada pela Emenda Constitucional nº 32, de 2001)\nf) militares das Forças Armadas, seu regime jurídico, provimento de cargos, promoções, estabilidade,\nremuneração, reforma e transferência para a reserva. \xa0\xa0\xa0\xa0\xa0\xa0\xa0\xa0\xa0\xa0\xa0\xa0 (Incluída pela Emenda Constitucional nº 18, de 1998)\n§ 2º A iniciativa popular pode ser exercida pela apresentação à Câmara dos Deputados de projeto de lei subscrito\npor, no mínimo, um por cento do eleitorado nacional, distribuído pelo menos por cinco Estados, com não menos de três\ndécimos por cento dos eleitores de cada um deles.\n\uf24e Art. 62. Em caso de relevância e urgência, o Presidente da República poderá adotar medidas provisórias, com\nforça ']","Sim, é possível mudar a Constituição. A proposta de emenda à Constituição pode ser feita por:

* Um terço, no mínimo, dos membros da Câmara dos Deputados ou do Senado Federal;
* O Presidente da República;
* Mais da metade das Assembléias Legislativas das unidades da Federação, manifestando-se, cada uma delas, pela maioria relativa de seus membros.

A diferença para propor uma lei comum é que a proposta de emenda à Constituição exige um quórum mais alto para ser aprovada, ou seja, três quintos dos votos dos membros de cada Casa do Congresso Nacional, em dois turnos. Além disso, a Constituição não pode ser emendada na vigência de intervenção federal, de estado de defesa ou de estado de sítio, e não pode ser objeto de deliberação a proposta de emenda tendente a abolir certos princípios fundamentais, como a forma federativa de Estado, o voto direto, secreto, universal e periódico, a separação dos Poderes e os direitos e garantias individuais.","A Constituição pode ser emendada por proposta de um terço da Câmara ou Senado, do Presidente ou de mais da metade das Assembleias Legislativas (Art. 60), diferente da iniciativa de leis ordinárias (Art. 61), dentro do processo legislativo geral (Art. 59).",0.9444444444444444,0.8082123229318954,1.0,0.99999999995
"Quais garantias uma pessoa tem para proteger sua vida e liberdade, e isso também vale de forma especial para crianças?","['iguais perante a lei, sem distinção de qualquer natureza, garantindo-se aos brasileiros e aos\nestrangeiros residentes no País a inviolabilidade do direito à vida, à liberdade, à igualdade, à segurança e à propriedade,\nnos termos seguintes:\nI - homens e mulheres são iguais em direitos e obrigações, nos termos desta Constituição;\nII - ninguém será obrigado a fazer ou deixar de fazer alguma coisa senão em virtude de lei;\nIII - ninguém será submetido a tortura nem a tratamento desumano ou degradante;\nIV - é livre a manifestação do pensamento, sendo vedado o anonimato;\xa0\xa0\nV - é assegurado o direito de resposta, proporcional ao agravo, além da indenização por dano material, moral ou à\nimagem;\xa0\nVI - é inviolável a liberdade de consciência e de crença, sendo assegurado o livre exercício dos cultos religiosos e\ngarantida, na forma da lei, a proteção aos locais de culto e a suas liturgias;\xa0\xa0\nVII - é assegurada, nos termos da lei, a prestação de assistência religiosa nas entidades civis e militares de\ninternação coletiva;\xa0\xa0\nVIII - ninguém será privado de direitos por motivo de crença religiosa ou de convicção filosófica ou política, salvo\nse as invocar para eximir-se de obrigação legal a todos imposta e recusar-se a cumprir prestação alternativa, fixada em\nlei;\nIX - é livre a expressão ', '66,\nde 2010)\n§ 7º Fundado nos princípios da dignidade da pessoa humana e da paternidade responsável, o planejamento\nfamiliar é livre decisão do casal, competindo ao Estado propiciar recursos educacionais e científicos para o exercício\ndesse direito, vedada qualquer forma coercitiva por parte de instituições oficiais ou privadas.\xa0\xa0\xa0 Regulamento\n§ 8º O Estado assegurará a assistência à família na pessoa de cada um dos que a integram, criando mecanismos\npara coibir a violência no âmbito de suas relações.\n\uf24e Art. 227. É dever da família, da sociedade e do Estado assegurar à criança, ao adolescente e ao jovem,\ncom absoluta prioridade, o direito à vida, à saúde, à alimentação, à educação, ao lazer, à profissionalização, à cultura,\nà dignidade, ao respeito, à liberdade e à convivência familiar e comunitária, além de colocá-los a salvo de toda forma\nde negligência, discriminação, exploração, violência, crueldade e opressão.\xa0 \xa0 \xa0 \xa0 \xa0 \xa0 \xa0 \xa0 (Redação dada Pela Emenda\nConstitucional nº 65, de 2010)\n§ 1º O Estado promoverá programas de assistência integral à saúde da criança, do adolescente e do jovem,\nadmitida a participação de entidades não governamentais, mediante políticas específicas e obedecendo aos seguintes\npreceitos:\xa0\xa0\xa0\xa0\xa0\xa0\xa0\xa0 (Redação dada Pela Emenda Constitucional nº 65, de 2010)\nI - aplicação de percentual dos recursos públicos destinados à saúde ', 'assistência jurídica integral e gratuita aos que comprovarem insuficiência de recursos;\nLXXV - o Estado indenizará o condenado por erro judiciário, assim como o que ficar preso além do tempo fixado\nna sentença;\nLXXVI - são gratuitos para os reconhecidamente pobres, na forma da lei:\xa0\xa0\xa0\xa0\xa0\xa0\xa0\xa0\xa0\xa0\xa0\xa0\xa0\xa0 (Vide Lei nº 7.844, de 1989)\na) o registro civil de nascimento;\nb) a certidão de óbito;\nLXXVII - são gratuitas as ações de habeas corpus e habeas data, e, na forma da lei, os atos necessários ao\nexercício da cidadania.\xa0\xa0\xa0\xa0\xa0\xa0\xa0\xa0\xa0\xa0\xa0 (Regulamento)\nLXXVIII - a todos, no âmbito judicial e administrativo, são assegurados a razoável duração do processo e os meios\nque garantam a celeridade de sua tramitação.\xa0\xa0\xa0\xa0\xa0\xa0\xa0\xa0\xa0\xa0\xa0 \xa0(Incluído pela Emenda Constitucional nº 45, de 2004)\xa0\xa0\xa0\xa0\xa0\xa0\xa0 (Vide\nADIN 3392)\nLXXIX - é assegurado, nos termos da lei, o direito à proteção dos dados pessoais, inclusive nos meios digitais.\xa0\xa0\n(Incluído pela Emenda Constitucional nº 115, de 2022)\n§ 1º As normas definidoras dos direitos e garantias fundamentais têm aplicação imediata.\n§ 2º Os direitos e garantias expressos nesta Constituição não excluem outros decorrentes do regime e dos\nprincípios por ela adotados, ou dos tratados internacionais em que a República Federativa do Brasil seja parte.\n§ 3º Os tratados e convenções internacionais sobre direitos humanos que forem aprovados, em cada Casa do\nCongresso Nacional, ', 'na assistência materno-infantil;\nII - criação de programas de prevenção e atendimento especializado para as pessoas portadoras de deficiência\nfísica, sensorial ou mental, bem como de integração social do adolescente e do jovem portador de deficiência,\nmediante o treinamento para o trabalho e a convivência, e a facilitação do acesso aos bens e serviços coletivos, com\na eliminação de obstáculos arquitetônicos e de todas as formas de discriminação.\xa0\xa0\xa0\xa0\xa0\xa0\xa0\xa0 (Redação dada Pela Emenda\nConstitucional nº 65, de 2010)\n§ 2º A lei disporá sobre normas de construção dos logradouros e dos edifícios de uso público e de fabricação de\nveículos de transporte coletivo, a fim de garantir acesso adequado às pessoas portadoras de deficiência.\n§ 3º O direito a proteção especial abrangerá os seguintes aspectos:\nI - idade mínima de quatorze anos para admissão ao trabalho, observado o disposto no art. 7º, XXXIII;\nII - garantia de direitos previdenciários e trabalhistas;\nIII - garantia de acesso do trabalhador adolescente e jovem à escola;\xa0 \xa0 \xa0 \xa0 \xa0 \xa0 \xa0 \xa0 (Redação dada Pela Emenda\nConstitucional nº 65, de 2010)\nIV - garantia de pleno e formal conhecimento da atribuição de ato infracional, igualdade na relação processual e\ndefesa técnica por profissional habilitado, segundo dispuser a legislação tutelar específica;\nV - obediência aos princípios de brevidade, excepcionalidade ', 'e respeito à condição peculiar de pessoa em\ndesenvolvimento, quando da aplicação de qualquer medida privativa da liberdade;\nVI - estímulo do Poder Público, através de assistência jurídica, incentivos fiscais e subsídios, nos termos da lei, ao\nacolhimento, sob a forma de guarda, de criança ou adolescente órfão ou abandonado;\nVII - programas de prevenção e atendimento especializado à criança, ao adolescente e ao jovem dependente\nde entorpecentes e drogas afins.\xa0\xa0\xa0\xa0\xa0\xa0\xa0\xa0 (Redação dada Pela Emenda Constitucional nº 65, de 2010)\n§ 4º A lei punirá severamente o abuso, a violência e a exploração sexual da criança e do adolescente.\n§ 5º A adoção será assistida pelo Poder Público, na forma da lei, que estabelecerá casos e condições de sua\nefetivação por parte de estrangeiros.\n§ 6º Os filhos, havidos ou não da relação do casamento, ou por adoção, terão os mesmos direitos e qualificações,\nproibidas quaisquer designações discriminatórias relativas à filiação.\n§ 7º No atendimento dos direitos da criança e do adolescente levar-se- á em consideração o disposto no art. 204.\n§ 8º A lei estabelecerá:\xa0\xa0\xa0\xa0\xa0\xa0\xa0\xa0 (Incluído Pela Emenda Constitucional nº 65, de 2010)\nI - o estatuto da juventude, destinado a regular os direitos dos jovens;\xa0 \xa0 \xa0 \xa0 \xa0 \xa0 \xa0 \xa0 (Incluído Pela Emenda\nConstitucional nº 65, de 2010)\nII - o ']","De acordo com os trechos fornecidos, as garantias para proteger a vida e a liberdade incluem:

- A inviolabilidade do direito à vida, à liberdade, à igualdade, à segurança e à propriedade (trecho inicial);
- A proteção contra tortura e tratamento desumano ou degradante (III);
- A liberdade de consciência e de crença, com livre exercício dos cultos religiosos (VI);
- A proteção aos locais de culto e às liturgias (VI);
- A garantia de assistência religiosa nas entidades civis e militares de internação coletiva (VII);
- A vedação de privação de direitos por motivo de crença religiosa ou convicção filosófica ou política, salvo em casos de obrigação legal (VIII).

Para as crianças, há garantias especiais, como:

- O direito à vida, à saúde, à alimentação, à educação, ao lazer, à profissionalização, à cultura, à dignidade, ao respeito, à liberdade e à convivência familiar e comunitária, com absoluta prioridade (Art. 227);
- A proteção contra negligência, discriminação, exploração, violência, crueldade e opressão (Art. 227);
- A criação de programas de assistência integral à saúde da criança, do adolescente e do jovem (§ 1º do Art. 227);
- A garantia de direitos previdenciários e trabalhistas para os adolescentes e jovens (§ 3º, II);
- A garantia de acesso do trabalhador adolescente e jovem à escola (§ 3º, III);
- A proteção especial contra abuso, violência e exploração sexual (§ 4º do Art. 227).","O Art. 5 garante a todos a inviolabilidade do direito à vida, liberdade, igualdade, segurança e propriedade; o Art. 227 estende proteção especial e prioritária a crianças, adolescentes e jovens.",1.0,0.9442544379437888,1.0,0.8666666666377778
Quem pode cobrar tributos e quais são os limites para essa cobrança?,"['forma do disposto no caput e no § 1º, assegurada a igualdade de\ntratamento em relação às aquisições internas.\xa0\xa0\xa0\xa0 (Incluído pela Emenda Constitucional nº 132, de 2023)\nSEÇÃO II\nDAS LIMITAÇÕES DO PODER DE TRIBUTAR\n\uf24e Art. 150. Sem prejuízo de outras garantias asseguradas ao contribuinte, é vedado à União, aos Estados, ao\nDistrito Federal e aos Municípios:\nI - exigir ou aumentar tributo sem lei que o estabeleça;\nII - instituir tratamento desigual entre contribuintes que se encontrem em situação equivalente, proibida qualquer\ndistinção em razão de ocupação profissional ou função por eles exercida, independentemente da denominação jurídica\ndos rendimentos, títulos ou direitos;\nIII - cobrar tributos:\na) em relação a fatos geradores ocorridos antes do início da vigência da lei que os houver instituído ou aumentado;\nb) no mesmo exercício financeiro em que haja sido publicada a lei que os instituiu ou aumentou;\xa0\xa0 (Vide Emenda\nConstitucional nº 3, de 1993)\nc) antes de decorridos noventa dias da data em que haja sido publicada a lei que os instituiu ou aumentou,\nobservado o disposto na alínea b;\xa0\xa0\xa0\xa0\xa0\xa0\xa0\xa0 (Incluído pela Emenda Constitucional nº 42, de 19.12.2003)\nIV - utilizar tributo com efeito de confisco;\nV - estabelecer limitações ao tráfego de pessoas ou bens, por meio de tributos interestaduais ou intermunicipais,\nressalvada a cobrança de pedágio pela utilização ', 'e atuarão com vistas a harmonizar normas, interpretações, obrigações acessórias e procedimentos a eles relativos.\xa0\xa0\xa0\xa0\n(Incluído pela Emenda Constitucional nº 132, de 2023)\n§ 7º O Comitê Gestor do Imposto sobre Bens e Serviços e a administração tributária da União poderão\nimplementar soluções integradas para a administração e cobrança dos tributos previstos nos arts. 156-A e 195, V.\xa0\xa0\xa0\xa0\n(Incluído pela Emenda Constitucional nº 132, de 2023)\n§ 8º Lei complementar poderá prever a integração do contencioso administrativo relativo aos tributos previstos nos\narts. 156-A e 195, V.\xa0\xa0\xa0\xa0 (Incluído pela Emenda Constitucional nº 132, de 2023)\nSEÇÃO VI\nDA REPARTIÇÃO DAS RECEITAS TRIBUTÁRIAS\n\uf24e Art. 157. Pertencem aos Estados e ao Distrito Federal:\nI - o produto da arrecadação do imposto da União sobre renda e proventos de qualquer natureza, incidente na\nfonte, sobre rendimentos pagos, a qualquer título, por eles, suas autarquias e pelas fundações que instituírem e\nmantiverem;\nII - vinte por cento do produto da arrecadação do imposto que a União instituir no exercício da competência que lhe\né atribuída pelo art. 154, I.\n\uf24e Art. 158. Pertencem aos Municípios:\nI - o produto da arrecadação do imposto da União sobre renda e proventos de qualquer natureza, incidente na\nfonte, sobre rendimentos pagos, a qualquer título, por eles, suas autarquias e pelas fundações que instituírem ', 'arts. 29-A,\n198, § 2º, 204, parágrafo único, 212, 212-A, II, e 216, § 6º, não se aplicando a ela, ainda, o disposto no art. 158, IV,\n""b"".\xa0\xa0\xa0\xa0\xa0 (Incluído pela Emenda Constitucional nº 132, de 2023)\n§ 13. A devolução de que trata o § 5º, VIII, será obrigatória nas operações de fornecimento de energia elétrica e de\ngás liquefeito de petróleo ao consumidor de baixa renda, podendo a lei complementar determinar que seja calculada e\nconcedida no momento da cobrança da operação.\xa0\xa0\xa0 (Incluído pela Emenda Constitucional nº 132, de 2023)\nArt. 156-B. Os Estados, o Distrito Federal e os Municípios exercerão de forma integrada, exclusivamente por meio\ndo Comitê Gestor do Imposto sobre Bens e Serviços, nos termos e limites estabelecidos nesta Constituição e em lei\ncomplementar, as seguintes competências administrativas relativas ao imposto de que trata o art. 156-A:\xa0\xa0\xa0\xa0 (Incluído pela\nEmenda Constitucional nº 132, de 2023)\nI - editar regulamento único e uniformizar a interpretação e a aplicação da legislação do imposto;\xa0\xa0\xa0\xa0 (Incluído pela\nEmenda Constitucional nº 132, de 2023)\nII - arrecadar o imposto, efetuar as compensações e distribuir o produto da arrecadação entre Estados, Distrito\nFederal e Municípios;\xa0\xa0\xa0\xa0 (Incluído pela Emenda Constitucional nº 132, de 2023)\nIII - decidir o contencioso administrativo.\xa0\xa0\xa0\xa0 (Incluído pela Emenda Constitucional nº 132, de ', '3º A pessoa natural destinatária das operações de importação poderá ser equiparada a pessoa jurídica, na forma\nda lei.\xa0\xa0\xa0\xa0\xa0\xa0\xa0\xa0 (Incluído pela Emenda Constitucional nº 33, de 2001)\n§ 4º A lei definirá as hipóteses em que as contribuições incidirão uma única vez.\xa0\xa0\xa0\xa0\xa0\xa0\xa0\xa0 (Incluído pela Emenda\nConstitucional nº 33, de 2001)\nArt. 149-A. Os Municípios e o Distrito Federal poderão instituir contribuição, na forma das respectivas leis, para o\ncusteio, a expansão e a melhoria do serviço de iluminação pública e de sistemas de monitoramento para segurança e\npreservação de logradouros públicos, observado o disposto no art. 150, I e III. (Redação dada pela Emenda\nConstitucional nº 132, de 2023)\nParágrafo único. É facultada a cobrança da contribuição a que se refere o caput, na fatura de consumo de energia\nelétrica.\xa0\xa0\xa0\xa0\xa0\xa0\xa0 \xa0(Incluído pela Emenda Constitucional nº 39, de 2002)\nArt. 149-B. Os tributos previstos nos arts. 156-A e 195, V, observarão as mesmas regras em relação a:\xa0\xa0\xa0\xa0 (Incluído\npela Emenda Constitucional nº 132, de 2023)\nI - fatos geradores, bases de cálculo, hipóteses de não incidência e sujeitos passivos;\xa0\xa0\xa0\xa0\xa0\xa0 (Incluído pela Emenda\nConstitucional nº 132, de 2023)\nII - imunidades;\xa0\xa0\xa0\xa0\xa0\xa0 (Incluído pela Emenda Constitucional nº 132, de 2023)\nIII - regimes específicos, diferenciados ou favorecidos de tributação;\xa0\xa0\xa0\xa0\xa0\xa0 (Incluído pela Emenda Constitucional nº\n132, de 2023)\nIV - regras ', 'nº 132, de 2023)\n§ 1º A lei complementar de que trata o inciso III, d, também poderá instituir um regime único de arrecadação dos\nimpostos e contribuições da União, dos Estados, do Distrito Federal e dos Municípios, observado que:\xa0\xa0 (Incluído pela\nEmenda Constitucional nº 132, de 2023)\nI - será opcional para o contribuinte;\xa0\xa0\xa0\xa0\xa0\xa0\xa0\xa0 (Incluído pela Emenda Constitucional nº 132, de 2023)\nII - poderão ser estabelecidas condições de enquadramento diferenciadas por Estado;\xa0\xa0\xa0\xa0\xa0\xa0\xa0\xa0 (Incluído pela Emenda\nConstitucional nº 132, de 2023)\nIII - o recolhimento será unificado e centralizado e a distribuição da parcela de recursos pertencentes aos\nrespectivos entes federados será imediata, vedada qualquer retenção ou condicionamento;\xa0\xa0\xa0\xa0\xa0\xa0\xa0\xa0 (Incluído pela Emenda\nConstitucional nº 132, de 2023)\nIV - a arrecadação, a fiscalização e a cobrança poderão ser compartilhadas pelos entes federados, adotado\ncadastro nacional único de contribuintes.\xa0\xa0\xa0\xa0\xa0\xa0\xa0\xa0 (Incluído pela Emenda Constitucional nº 132, de 2023)\n§ 2º É facultado ao optante pelo regime único de que trata o § 1º apurar e recolher os tributos previstos nos arts.\n156-A e 195, V, nos termos estabelecidos nesses artigos, hipótese em que as parcelas a eles relativas não serão\ncobradas pelo regime único.\xa0\xa0\xa0 (Incluído pela Emenda Constitucional nº 132, de 2023)\n§ 3º Na hipótese de o recolhimento dos tributos previstos nos arts. 156-A e 195, ']","De acordo com os trechos fornecidos, a cobrança de tributos pode ser feita pela União, Estados, Distrito Federal e Municípios. No entanto, há limites estabelecidos para essa cobrança, conforme o Art. 150:

- É vedado exigir ou aumentar tributo sem lei que o estabeleça (I);
- É vedado instituir tratamento desigual entre contribuintes que se encontrem em situação equivalente (II);
- É vedado cobrar tributos:
  - Em relação a fatos geradores ocorridos antes do início da vigência da lei que os houver instituído ou aumentado (III, a);
  - No mesmo exercício financeiro em que haja sido publicada a lei que os instituiu ou aumentou (III, b);
  - Antes de decorridos noventa dias da data em que haja sido publicada a lei que os instituiu ou aumentou (III, c);
- É vedado utilizar tributo com efeito de confisco (IV);
- É vedado estabelecer limitações ao tráfego de pessoas ou bens, por meio de tributos interestaduais ou intermunicipais, ressalvada a cobrança de pedágio pela utilização (V).

Além disso, o Art. 149-A permite que Municípios e o Distrito Federal instituam contribuição para o custeio, expansão e melhoria do serviço de iluminação pública e de sistemas de monitoramento para segurança e preservação de logradouros públicos, observado o disposto no art. 150, I e III.","União, Estados, DF e Municípios podem instituir impostos, taxas e contribuições de melhoria (Art. 145), respeitando limitações e imunidades tributárias (Art. 150), e compartilhando competências comuns entre si (Art. 23).",1.0,0.8758613597572513,0.3333333333333333,0.9999999999
